-- phpMyAdmin SQL Dump
-- version 4.6.6deb5
-- https://www.phpmyadmin.net/
--
-- Host: localhost:3306
-- Generation Time: Oct 31, 2019 at 05:25 AM
-- Server version: 5.7.27-0ubuntu0.18.04.1
-- PHP Version: 7.2.19-0ubuntu0.18.04.2

SET SQL_MODE = "NO_AUTO_VALUE_ON_ZERO";
SET time_zone = "+00:00";


/*!40101 SET @OLD_CHARACTER_SET_CLIENT=@@CHARACTER_SET_CLIENT */;
/*!40101 SET @OLD_CHARACTER_SET_RESULTS=@@CHARACTER_SET_RESULTS */;
/*!40101 SET @OLD_COLLATION_CONNECTION=@@COLLATION_CONNECTION */;
/*!40101 SET NAMES utf8mb4 */;

--
-- Database: `ohip_master_db`
--

-- --------------------------------------------------------

--
-- Table structure for table `tbldiagnosis`
--

CREATE TABLE `tbldiagnosis` (
  `DiagnosisId` int(11) NOT NULL,
  `DiagnosisCode` varchar(11) NOT NULL,
  `DiagnosisDesc` varchar(300) NOT NULL
) ENGINE=InnoDB DEFAULT CHARSET=latin1;

--
-- Dumping data for table `tbldiagnosis`
--

INSERT INTO `tbldiagnosis` (`DiagnosisId`, `DiagnosisCode`, `DiagnosisDesc`) VALUES
(33, '574', '(Cholelithiasis) with or without Cholecystitis 574'),
(34, '636', '(Continued) Chorioretinitis 636'),
(35, '301', '(e.g., Obsessive Compulsive) 301'),
(36, '042', 'A.I.D.S 042'),
(37, '042', 'A.I.D.S. Acquired Immune Deficiency Syndrome 042'),
(38, '787', 'Abdominal 787'),
(39, '653', 'Abnormality Bony Pelvis 653'),
(40, '919', 'Abrasions 919'),
(41, '641', 'Abruptio Placenta 641'),
(42, '641', 'Abruptio placentae, placenta praevia 641'),
(43, '566', 'Abscess of anal or rectal regions 566'),
(44, '133', 'Acariasis 133'),
(45, '706', 'Acne, acne vulgaris, sebaceous cyst 706'),
(46, 'C22', 'Acquired or postural kyphoscoliosis C22'),
(47, 'C21', 'Acquired or postural kyphosis C21'),
(48, 'C23', 'Acquired or postural lordosis C23'),
(49, 'C20', 'Acquired or postural scoliosis C20'),
(50, '253', 'Acromegaly 253'),
(51, '098', 'Actinomycotic 098'),
(52, '039', 'Actinomycotic Infection 039'),
(53, '039', 'Actinomycotic infections 039'),
(54, '466', 'Acute 466'),
(55, '683', 'Acute 683'),
(56, '466', 'Acute bronchitis 466'),
(57, 'C01', 'Acute C01'),
(58, 'C04', 'Acute C04'),
(59, 'C07', 'Acute C07'),
(60, 'C10', 'Acute C10'),
(61, 'C13', 'Acute C13'),
(62, 'C45', 'Acute C45'),
(63, '436', 'Acute cerebrovascular accident, C.V.A., stroke 436'),
(64, '580', 'Acute glomerulonephritis 580'),
(65, '464', 'Acute laryngitis, tracheitis, croup, epiglottis 464'),
(66, '683', 'Acute lymphadenitis 683'),
(67, '410', 'Acute myocardial infarction 410'),
(68, '460', 'Acute nasopharyngitis, common cold 460'),
(69, '615', 'Acute or Chronic 615'),
(70, '615', 'Acute or chronic endometritis 615'),
(71, '590', 'Acute or chronic pyelonephritis, pyelitis, abscess 590'),
(72, '045', 'Acute poliomyelitis 045'),
(73, '584', 'Acute renal failure 584'),
(74, '461', 'Acute sinusitis 461'),
(75, '463', 'Acute tonsillitis 463'),
(76, '255', 'Addison\'s 255'),
(77, '255', 'Addison\'s Disease 255'),
(78, '289', 'Adenitis Cervical 289'),
(79, '474', 'Adenoids, Chronic Infection 474'),
(80, '259', 'Adenoma Parathyroid 259'),
(81, '560', 'Adhesions 560'),
(82, '309', 'Adjustment Reaction 309'),
(83, '309', 'Adjustment reaction 309'),
(84, '255', 'Adrenal Gland 255'),
(85, '255', 'Adrenogenital Syndrome 255'),
(86, '895', 'Advice 895'),
(87, '279', 'Agammaglobulinemia 279'),
(88, '900', 'Aged Parent Problem 900'),
(89, '900', 'Aged Parent(s) 900'),
(90, '288', 'Agranulocytosis 288'),
(91, '042', 'AIDS 042'),
(92, '043', 'AIDS-related complex (ARC) 043'),
(93, '291', 'Alcoholic 291'),
(94, '291', 'Alcoholic Psychosis 291'),
(95, '303', 'Alcoholism 303'),
(96, '303', 'Alcoholism 303'),
(97, '429', 'All other forms of heart disease 429'),
(98, '078', 'All Types 078'),
(99, '493', 'Allergic 493'),
(100, '477', 'Allergic rhinitis, hay fever 477'),
(101, '708', 'Allergic urticaria 708'),
(102, '691', 'Allergic, Atopic 691'),
(103, '704', 'Alopecia 704'),
(104, '704', 'Alopecia 704'),
(105, '518', 'Alveolitis, Lung 518'),
(106, '525', 'Alveolitis, Oral Cavity 525'),
(107, '368', 'Amblyopia 368'),
(108, '368', 'Amblyopia, visual field defects 368'),
(109, '626', 'Amenorrhea 626'),
(110, '270', 'Amino Acid Metabolism 270'),
(111, '006', 'Amoebiasis 006'),
(112, '006', 'Amoebiasis, amoebic dysentery 006'),
(113, '894', 'Amputation, Traumatic Lower Limb(s) 894'),
(114, '565', 'Anal fissure, anal fistula 565'),
(115, '565', 'Anal Fissure, Fistula 565'),
(116, '569', 'Anal or Rectal 569'),
(117, '569', 'Anal or Rectal 569'),
(118, '566', 'Anal or Rectal Regions 566'),
(119, '646', 'Anemia of 646'),
(120, '447', 'Aneurysm, Others 447'),
(121, '413', 'Angina Pectoris 413'),
(122, '529', 'Angina, Ludwig\'s 529'),
(123, '136', 'Angina, Vincent\'s 136'),
(124, '8248', 'Ankle (closed) 8248'),
(125, '824', 'Ankle 824'),
(126, '824', 'Ankle 824'),
(127, '8450', 'Ankle 8450'),
(128, '845', 'Ankle, Foot, Toes 845'),
(129, '845', 'Ankle, foot, toes 845'),
(130, '720', 'Ankylosing Spondylitis 720'),
(131, '720', 'Ankylosing spondylitis 720'),
(132, '718', 'Ankylosis 718'),
(133, '718', 'Ankylosis, Joint 718'),
(134, '917', 'Annual Health Examination Adolescent/Adult 917'),
(135, '787', 'Anorexia 787'),
(136, '307', 'Anorexia Nervosa 307'),
(137, '788', 'Anuria 788'),
(138, '154', 'Anus 154'),
(139, '300', 'Anxiety Neurosis 300'),
(140, '441', 'Aortic aneurysm (non-syphilitic) 441'),
(141, '360', 'Aphakia 360'),
(142, '360', 'Aphakia 360'),
(143, '528', 'Aphthous 528'),
(144, '284', 'Aplastic 284'),
(145, '284', 'Aplastic anaemia 284'),
(146, '540', 'Appendicitis, Acute With or without abscess or peritonitis 540'),
(147, '7295', 'Arch 7295'),
(148, 'C44', 'Arm C44'),
(149, '427', 'Arrythmias, Cardiac, Other 427'),
(150, '447', 'Arteries 447'),
(151, '298', 'Arteriosclerosis Cerebral with psychoses 298'),
(152, '437', 'Arteriosclerotic 437'),
(153, '412', 'Arteriosclerotic Heart 412'),
(154, '446', 'Arteritis, Temporal 446'),
(155, '429', 'Artherosclerotic 429'),
(156, '781', 'Arthralgia 781'),
(157, '931', 'Arthrodesis of Foot and Ankle 931'),
(158, '932', 'Arthrodesis of Other Joints 932'),
(159, '728', 'Arthrogryposis 728'),
(160, '933', 'Arthroplasty of Foot and Toe 933'),
(161, '934', 'Arthroplasty of Knee and Ankle (e.g., Hauser Repair) 934'),
(162, '501', 'Asbestosis 501'),
(163, '501', 'Asbestosis 501'),
(164, '787', 'Ascites 787'),
(165, '799', 'Asphyxia 799'),
(166, '493', 'Asthma 493'),
(167, '493', 'Asthma, allergic bronchitis 493'),
(168, '367', 'Astigmatism 367'),
(169, '191', 'Astroblastoma 191'),
(170, '191', 'Astroblastoma, Astrocytoma 191'),
(171, '191', 'Astrocytoma 191'),
(172, '780', 'Ataxia 780'),
(173, '518', 'Atelectasis 518'),
(174, '518', 'Atelectasis, other diseases of lung 518'),
(175, '440', 'Atherosclerosis 440'),
(176, '110', 'Athlete\'s Foot 110'),
(177, '427', 'Atrial Fibrillation, Flutter 427'),
(178, '299', 'Autism 299'),
(179, '918', 'Automated Visual Field (AVF) test 918'),
(180, '918', 'Automated Visual Field AVF test 918'),
(181, 'C61', 'Autonomic nerve dysfunction of organ systems C61'),
(182, '758', 'Autosomal, Chromosomal 758'),
(183, '7242', 'Back (low) 7242'),
(184, '7245', 'Back (posterial) 7245'),
(185, '040', 'Bacterial 040'),
(186, '040', 'Bacterial Diseases Other 040'),
(187, '320', 'Bacterial meningitis 320'),
(188, '320', 'Bacterial, Central Nervous System 320'),
(189, '727', 'Baker\'s 727'),
(190, '727', 'Baker\'s Cyst 727'),
(191, '616', 'Bartholin\'s Gland 616'),
(192, '616', 'Bartholin\'s Gland 616'),
(193, '173', 'Basal Cell 173'),
(194, '173', 'Basal Cell Carcinoma 173'),
(195, '899', 'Battered Child 899'),
(196, '707', 'Bed Sore 707'),
(197, '989', 'Bee Sting 989'),
(198, '313', 'Behaviour disorders of childhood and adolescence 313'),
(199, '351', 'Bell\'s Palsy 351'),
(200, '3510', 'Bells Palsy 3510'),
(201, '351', 'Bell\'s palsy, facial nerve disorders 351'),
(202, '994', 'Bends 994'),
(203, '222', 'Benign neoplasms of male genital organs 222'),
(204, '600', 'Benign Prostatic (B.P.H.) 600'),
(205, '600', 'Benign prostatic hypertrophy 600'),
(206, '576', 'Bile Duct 576'),
(207, '576', 'Bile Ducts 576'),
(208, '767', 'Birth Trauma 767'),
(209, '767', 'Birth trauma 767'),
(210, '919', 'Bites, Non-venomous 919'),
(211, '989', 'Bites, Venomous 989'),
(212, '188', 'Bladder 188'),
(213, '188', 'Bladder 188'),
(214, '223', 'Bladder 223'),
(215, '592', 'Bladder 592'),
(216, '627', 'Bleeding Post-menopausal 627'),
(217, '373', 'Blepharitis 373'),
(218, '373', 'Blepharitis, chalazion, stye 373'),
(219, '369', 'Blindness 369'),
(220, '369', 'Blindness and low vision 369'),
(221, '038', 'Blood 038'),
(222, '289', 'Blood 289'),
(223, '038', 'Blood Poisoning 038'),
(224, '182', 'Body of uterus 182'),
(225, '680', 'Boil 680'),
(226, '680', 'Boil, carbuncle, furunculosis 680'),
(227, '170', 'Bone 170'),
(228, '170', 'Bone 170'),
(229, '213', 'Bone 213'),
(230, '213', 'Bone 213'),
(231, '7269', 'Bone 7269'),
(232, '733', 'Bone and Cartilage 733'),
(233, '213', 'Bone, cartilage 213'),
(234, '015', 'Bones and Joints 015'),
(235, '136', 'Botulism 136'),
(236, 'C50', 'Brachial C50'),
(237, '427', 'Bradycardia 427'),
(238, '191', 'Brain 191'),
(239, '191', 'Brain 191'),
(240, '225', 'Brain 225'),
(241, '349', 'Brain 349'),
(242, '225', 'Brain, spinal cord, peripheral nerves 225'),
(243, '745', 'Branchial 745'),
(244, '744', 'Branchial Cyst 744'),
(245, '217', 'Breast 217'),
(246, '217', 'Breast 217'),
(247, '233', 'Breast 233'),
(248, '610', 'Breast 610'),
(249, '611', 'Breast 611'),
(250, '611', 'Breast 611'),
(251, '611', 'Breast 611'),
(252, '233', 'Breast and genito-urinary system 233'),
(253, '610', 'Breast Cystic, Chronic 610'),
(254, '174', 'Breast, Female 174'),
(255, '580', 'Bright\'s 580'),
(256, '183', 'Broad, Ligament 183'),
(257, '494', 'Bronchiectasis 494'),
(258, '494', 'Bronchiectasis 494'),
(259, '493', 'Bronchitis 493'),
(260, '162', 'Bronchus 162'),
(261, '162', 'Bronchus, lung 162'),
(262, '023', 'Brucellosis 023'),
(263, '023', 'Brucellosis 023'),
(264, '919', 'Bruises 919'),
(265, '443', 'Buerger\'s 443'),
(266, '443', 'Buerger\'s Disease 443'),
(267, '727', 'Bunion 727'),
(268, '949', 'Burns - thermal or chemical 949'),
(269, '949', 'Burns Thermal or Chemical 949'),
(270, '727', 'Bursitis 727'),
(271, '7310', 'Bursitis 7310'),
(272, '436', 'C.V.A. Cerebrovascular Accident 436'),
(273, '7267', 'Calcaneal Spur 7267'),
(274, '7278', 'Calcium Bursa 7278'),
(275, '700', 'Calluses 700'),
(276, '199', 'Cancer, Multiple Sites 199'),
(277, '112', 'Candidiasis 112'),
(278, '112', 'Candidiasis, monilia infection - all sites, thrush 112'),
(279, '528', 'Canker Sore 528'),
(280, '7260', 'Capsulitis 7260'),
(281, '680', 'Carbuncle 680'),
(282, '198', 'Carcinomatosis 198'),
(283, '427', 'Cardiac Arrest 427'),
(284, '530', 'Cardiospasm 530'),
(285, '814', 'Carpal Bones 814'),
(286, '814', 'Carpal bones 814'),
(287, '739', 'Carpal Tunnel Syndrone 739'),
(288, '213', 'Cartilage 213'),
(289, '718', 'Cartilage Tear 718'),
(290, '744', 'Cataract Congenita 744'),
(291, '366', 'Cataract, excludes diabetic or congenital 366'),
(292, '579', 'Celiac Disease 579'),
(293, '682', 'Cellulitis 682'),
(294, '682', 'Cellulitis, abscess 682'),
(295, '780', 'Cephalgia 780'),
(296, '653', 'Cephalo-pelvic Disproportion 653'),
(297, '653', 'Cephalo-pelvic disproportion 653'),
(298, '343', 'Cerebral 343'),
(299, '432', 'Cerebral Haemorrhage 432'),
(300, '343', 'Cerebral Palsy 343'),
(301, '343', 'Cerebral palsy 343'),
(302, '436', 'Cerrebral Thrombosis 436'),
(303, '388', 'Cerumen in Ear 388'),
(304, '219', 'Cervical 219'),
(305, '7210', 'Cervical 7210'),
(306, 'C51', 'Cervical C51'),
(307, '7224', 'Cervical Disc Disease 7224'),
(308, '622', 'Cervical Dysplasia 622'),
(309, '622', 'Cervical Erosion 622'),
(310, '622', 'Cervical erosion, cervical dysplasia 622'),
(311, '752', 'Cervical Hyperplasia 752'),
(312, '218', 'Cervical Polyp 218'),
(313, '8470', 'Cervical Strain 8470'),
(314, 'C30', 'Cervical, cervicothoracic C30'),
(315, 'C40', 'Cervical, occipital C40'),
(316, '616', 'Cervicitis 616'),
(317, '180', 'Cervix 180'),
(318, '180', 'Cervix 180'),
(319, '373', 'Chalazion 373'),
(320, '989', 'Chemicals 989'),
(321, '785', 'Chest 785'),
(322, '5199', 'Chest Disease 5199'),
(323, '052', 'Chicken Pox 052'),
(324, '052', 'Chickenpox 052'),
(325, '899', 'Child Abuse, Child Neglect 899'),
(326, '299', 'Childhood 299'),
(327, '299', 'Childhood psychoses (e.g., autism) 299'),
(328, '299', 'Childhood Psychosis 299'),
(329, '575', 'Cholecystitis, without gall stones 575'),
(330, '574', 'Cholelithiasis (gall stones) with or without cholecystitis 574'),
(331, '574', 'Cholelithiasis (Gallstones) With or Without Cholecystitis 574'),
(332, '7177', 'Chondromalacia 7177'),
(333, '363', 'Chorea 363'),
(334, '392', 'Chorea 392'),
(335, '363', 'Chorioretinitis 363'),
(336, '636', 'Chorioretinitis 636'),
(337, '363', 'Choroiditis 363'),
(338, '286', 'Christmas 286'),
(339, '491', 'Chronic 491'),
(340, '491', 'Chronic bronchitis 491'),
(341, 'C02', 'Chronic C02'),
(342, 'C05', 'Chronic C05'),
(343, 'C08', 'Chronic C08'),
(344, 'C11', 'Chronic C11'),
(345, 'C14', 'Chronic C14'),
(346, 'C46', 'Chronic C46'),
(347, '795', 'Chronic fatigue symdrome 795'),
(348, '795', 'Chronic Fatigue Syndrome 795'),
(349, '585', 'Chronic renal failure, uremia 585'),
(350, '473', 'Chronic sinusitis 473'),
(351, '496', 'Chronic, other 496'),
(352, '459', 'Circulatory System 459'),
(353, '747', 'Circulatory System 747'),
(354, '785', 'Circulatory System 785'),
(355, '609', 'Circumcision, Newborn 609'),
(356, '571', 'Cirrhosis Liver, Alcoholic, Biliary 571'),
(357, '443', 'Claudication, Intermittent 443'),
(358, '300', 'Claustrophobia 300'),
(359, '810', 'Clavicle 810'),
(360, '810', 'Clavicle 810'),
(361, '749', 'Cleft palate, cleft lip 749'),
(362, '749', 'Cleft Palate, Lip 749'),
(363, '754', 'Club Foot 754'),
(364, '754', 'Club foot 754'),
(365, '286', 'Coagulation Defects 286'),
(366, '747', 'Coarctation of Aorta 747'),
(367, '724', 'Coccydynia 724'),
(368, '847', 'Coccyx 847'),
(369, '054', 'Cold Sore 054'),
(370, '460', 'Cold, Common 460'),
(371, '788', 'Colic, Renal 788'),
(372, '564', 'Colitis Mucus 564'),
(373, '564', 'Colon Spastic, Irritable 564'),
(374, '634', 'Complete, Incomplete 634'),
(375, '762', 'Compression of umbilical cord, prolapsed cord 762'),
(376, '850', 'Concussion 850'),
(377, '850', 'Concussion 850'),
(378, '426', 'Conduction 426'),
(379, '426', 'Conduction Disorders, Other 426'),
(380, '099', 'Condyloma 099'),
(381, '079', 'Condylomata Accuminata 079'),
(382, '759', 'Congenital Anomalies 759'),
(383, '744', 'Congenital anomalies of ear, face, and neck 744'),
(384, '743', 'Congenital anomalies of eye 743'),
(385, '748', 'Congenital anomalies of nose and respiratory system 748'),
(386, 'C24', 'Congenital curvature C24'),
(387, '243', 'Congential 243'),
(388, '428', 'Congestive Heart Failure 428'),
(389, '428', 'Congestive heart failure 428'),
(390, '372', 'Conjunctiva 372'),
(391, '372', 'Conjunctiva disorders (e.g., conjunctivitis, pterygium) 372'),
(392, '372', 'Conjunctiva Disorders (e.g., Conjuntivitis) 372'),
(393, '171', 'Connective and other soft tissue 171'),
(394, '171', 'Connective and other soft tissue 171'),
(395, '215', 'Connective and other soft tissue 215'),
(396, '215', 'Connective and other soft tissue 215'),
(397, '739', 'Connective Tissue 739'),
(398, '255', 'Conn\'s Syndrome 255'),
(399, '564', 'Constipation 564'),
(400, '692', 'Contact 692'),
(401, '692', 'Contact dermatitis 692'),
(402, '895', 'Contraceptive Advice 895'),
(403, '718', 'Contracture 718'),
(404, '9241', 'Contusion Knee 9241'),
(405, '919', 'Contusions 919'),
(406, '780', 'Convulsions 780'),
(407, '762', 'Cord Prolapse 762'),
(408, '370', 'Corneal 370'),
(409, '370', 'Corneal Ulcer 370'),
(410, '700', 'Corns 700'),
(411, '700', 'Corns, calluses 700'),
(412, '410', 'Coronary 410'),
(413, '413', 'Coronary Insufficiency, Acute 413'),
(414, '410', 'Coronary Thrombosis 410'),
(415, '786', 'Cough 786'),
(416, '074', 'Coxsackie 074'),
(417, '074', 'Coxsackie Pleurodynia 074'),
(418, '781', 'Cramps of Leg 781'),
(419, '192', 'Cranial Nerves 192'),
(420, '352', 'Cranial Nerves 352'),
(421, '243', 'Cretinism 243'),
(422, '555', 'Crohn\'s 555'),
(423, '555', 'Crohn\'s Disease 555'),
(424, '464', 'Croup 464'),
(425, '255', 'Cushing\'s Syndrome 255'),
(426, '277', 'Cystic Fibrosis 277'),
(427, '270', 'Cystinuria 270'),
(428, '595', 'Cystitis 595'),
(429, '595', 'Cystitis 595'),
(430, '646', 'Cystitis 646'),
(431, '618', 'Cystocele 618'),
(432, '375', 'Dacrocystitis 375'),
(433, '375', 'Dacryocystitis, obstruction of lacrimal duct 375'),
(434, '727', 'De Quervaine\'s 727'),
(435, '389', 'Deafness 389'),
(436, '389', 'Deafness, All Types 389'),
(437, '707', 'Debcubitus ulcer, bed sore 707'),
(438, '707', 'Decubitus 707'),
(439, '707', 'Decubitus Ulcer 707'),
(440, '277', 'Dehydration 277'),
(441, '291', 'Delirium Tremens 291'),
(442, '669', 'Delivery with other complications 669'),
(443, '290', 'Dementia Senile, Presenile 290'),
(444, '525', 'Dental 525'),
(445, '525', 'Dental 525'),
(446, '521', 'Dental Caries 521'),
(447, '300', 'Depression, Reactive 300'),
(448, '311', 'Depressive Not elsewhere classified 311'),
(449, '718', 'Derangement, Loose Bodies 718'),
(450, '216', 'Dermato Fibroma 216'),
(451, '710', 'Dermatomyositis 710'),
(452, '228', 'Dermoid 228'),
(453, '361', 'Detachment, Retinal 361'),
(454, '470', 'Deviated Nasal Septum 470'),
(455, '470', 'Deviated nasal septum 470'),
(456, '253', 'Diabetes Insipidus 253'),
(457, '250', 'Diabetes mellitus, including complications 250'),
(458, '691', 'Diaper Rash 691'),
(459, '009', 'Diarrhea 009'),
(460, '009', 'Diarrhea, gastro-enteritis, viral gastro-enteritis 009'),
(461, '905', 'Difficulty at Work 905'),
(462, '235', 'Digestive and Respiratory Systems 235'),
(463, '235', 'Digestive and respiratory systems 235'),
(464, '230', 'Digestive Organs 230'),
(465, '230', 'Digestive organs 230'),
(466, '751', 'Digestive System 751'),
(467, '751', 'Digestive system 751'),
(468, '787', 'Digestive System 787'),
(469, '787', 'Digestive System Signs and symptoms not yet diagnosed 787'),
(470, '230', 'Digestive System, other parts 230'),
(471, '032', 'Diphtheria 032'),
(472, '032', 'Diphtheria 032'),
(473, '368', 'Diplopia 368'),
(474, 'C48', 'Discopathic or discogenic C48'),
(475, '527', 'Disease of salivary glands 527'),
(476, '577', 'Diseases of pancreas 577'),
(477, '8310', 'Dislocated Shoulder 8310'),
(478, '626', 'Disorders of menstruation 626'),
(479, '352', 'Disorders of other cranial nerves 352'),
(480, '562', 'Diverticulitis or Diverticulosis of small or large intestine 562'),
(481, '941', 'Division of Muscle, Tendon, and Fascia of Hand 941'),
(482, '901', 'Divorce 901'),
(483, '780', 'Dizziness 780'),
(484, '758', 'Down\'s Syndrome 758'),
(485, '292', 'Drug 292'),
(486, '304', 'Drug Addiction, Dependence 304'),
(487, '304', 'Drug dependence, drug addiction 304'),
(488, '977', 'Drug Overdose 977'),
(489, '292', 'Drug Psychosis 292'),
(490, '292', 'Drug psychosis 292'),
(491, '977', 'Drugs 977'),
(492, '977', 'Drugs and Medication 977'),
(493, '099', 'Duchennes 099'),
(494, '763', 'Due to complications of labour or delivery 763'),
(495, '321', 'Due to Other Organisms 321'),
(496, '532', 'Duodenal with or without haemorrhage or perforation 532'),
(497, '537', 'Duodenum 537'),
(498, '728', 'Dupuytren\'s Contracture 728'),
(499, '728', 'Dupuytren\'s contracture 728'),
(500, '634', 'During Pregnancy 634'),
(501, '634', 'During Pregnancy 634'),
(502, '646', 'During Pregnancy 646'),
(503, '646', 'During Pregnancy 646'),
(504, '253', 'Dwarfism 253'),
(505, '006', 'Dysentery Amoebic 006'),
(506, '315', 'Dyslalia 315'),
(507, '315', 'Dyslexia 315'),
(508, '625', 'Dysmenorrhea 625'),
(509, '625', 'Dyspareunia 625'),
(510, '536', 'Dyspepsia 536'),
(511, '787', 'Dysphagia 787'),
(512, '622', 'Dysplasia, Cervical 622'),
(513, '786', 'Dyspnea 786'),
(514, '359', 'Dystrophy, Muscular 359'),
(515, '786', 'Dysuria 786'),
(516, '388', 'Ear 388'),
(517, '744', 'Ear, Face, Neck 744'),
(518, '122', 'Echinococcosis 122'),
(519, '122', 'Echinococcosis, hydadid cyst - all sites 122'),
(520, '642', 'Eclampsia 642'),
(521, '897', 'Economic 897'),
(522, '897', 'Economic Problems 897'),
(523, '897', 'Economic problems 897'),
(524, '633', 'Ectopic 633'),
(525, '633', 'Ectopic Pregnancy 633'),
(526, '633', 'Ectopic pregnancy 633'),
(527, '374', 'Ectropion 374'),
(528, '691', 'Eczema 691'),
(529, '691', 'Eczema, atopic dermatitis, neurodermatitis 691'),
(530, '785', 'Edema Not yet diagnosed 785'),
(531, '902', 'Educational 902'),
(532, '902', 'Educational Problems 902'),
(533, '902', 'Educational problems 902'),
(534, '832', 'Elbow 832'),
(535, '832', 'Elbow 832'),
(536, '8419', 'Elbow 8419'),
(537, '677', 'Embolism Post-partum pulmonary 677'),
(538, '492', 'Emphysema 492'),
(539, '492', 'Emphysema 492'),
(540, '323', 'Encephalitis 323'),
(541, '323', 'Encephalitis, encephalomyelitis 323'),
(542, '323', 'Encephalomyelitis 323'),
(543, '429', 'Endocarditis 429'),
(544, '259', 'Endocrine 259'),
(545, '237', 'Endocrine Glands and Nervous System 237'),
(546, '237', 'Endocrine glands and nervous system 237'),
(547, '621', 'Endometrial 621'),
(548, '617', 'Endometriosis 617'),
(549, '617', 'Endometriosis 617'),
(550, '555', 'Enteritis Regional 555'),
(551, '618', 'Enterocele 618'),
(552, '047', 'Enterovirus 047'),
(553, '374', 'Entropion 374'),
(554, '307', 'Enuresis Mental Disorder 307'),
(555, '288', 'Eospinophilia 288'),
(556, '7263', 'Epicondylitis 7263'),
(557, '604', 'Epididymitis 604'),
(558, '464', 'Epiglottitis, Acute 464'),
(559, '345', 'Epilepsy 345'),
(560, '345', 'Epilepsy 345'),
(561, '786', 'Epistaxis 786'),
(562, '622', 'Erosion, Cervical 622'),
(563, '035', 'Erysipelas 035'),
(564, '035', 'Erysipelas 035'),
(565, '530', 'Esophagitis 530'),
(566, '150', 'Esophagus 150'),
(567, '150', 'Esophagus 150'),
(568, '530', 'Esophagus 530'),
(569, '530', 'Esophagus 530'),
(570, '530', 'Esophagus 530'),
(571, '530', 'Esophagus 530'),
(572, '401', 'Essential, benign hypertension 401'),
(573, '384', 'Eustachian 384'),
(574, '381', 'Eustachian Tube 381'),
(575, '381', 'Eustachian Tube Disorders 381'),
(576, '879', 'Except Limbs 879'),
(577, '879', 'Except Limbs 879'),
(578, '780', 'Except tension and migraine 780'),
(579, '894', 'Excision Bunion 894'),
(580, '898', 'Excision of Bone Complete (e.g., Patellectomy) 898'),
(581, '897', 'Excision of Bone Partial 897'),
(582, '366', 'Excluding Diabetic or Congenital 366'),
(583, '242', 'Exophthalmic 242'),
(584, '190', 'Eye 190'),
(585, '190', 'Eye 190'),
(586, '224', 'Eye 224'),
(587, '224', 'Eye 224'),
(588, '379', 'Eye 379'),
(589, '743', 'Eye 743'),
(590, '379', 'Eye Disorders, Other 379'),
(591, '374', 'Eyelid 374'),
(592, '374', 'Eyelid Disorders, Other 374'),
(593, '802', 'Facial Bones 802'),
(594, '802', 'Facial bones 802'),
(595, '351', 'Facial Nerve Disorders 351'),
(596, '351', 'Facial Nerves 351'),
(597, '183', 'Fallopian Tube 183'),
(598, '614', 'Fallopian Tube, Ovary or Tubo-ovarian 614'),
(599, '644', 'False Labour 644'),
(600, '644', 'False labour, threatened labour 644'),
(601, '901', 'Family Disruption 901'),
(602, '901', 'Family Disruption, Divorce 901'),
(603, '901', 'Family disruption, divorce 901'),
(604, '895', 'Family Planning 895'),
(605, '270', 'Fanconi Sydrome 270'),
(606, '174', 'Female breast 174'),
(607, '821', 'Femur 821'),
(608, '821', 'Femur 821'),
(609, '779', 'Fetus or Newborn 779'),
(610, '427', 'Fibrillation 427'),
(611, '610', 'Fibro-adenosis of Breast 610'),
(612, '218', 'Fibroid 218'),
(613, '277', 'Fibrosis Cystic 277'),
(614, '7290', 'Fibrositis 7290'),
(615, '729', 'Fibrositis, myositis, muscular rheumatism 729'),
(616, '823', 'Fibula 823'),
(617, '834', 'Finger 834'),
(618, '834', 'Finger 834'),
(619, '565', 'Fissure, Anal 565'),
(620, '565', 'Fistula, Anal 565'),
(621, '734', 'Flat Foot 734'),
(622, '734', 'Flat foot, pes planus 734'),
(623, '144', 'Floor of mouth 144'),
(624, '427', 'Flutter, Atrial or Ventricular 427'),
(625, '656', 'Foetal Distress 656'),
(626, '656', 'Foetal distress 656'),
(627, '005', 'Food Poisoning 005'),
(628, '005', 'Food poisoning 005'),
(629, '930', 'Foreign Body Eye or other tissues 930'),
(630, '930', 'Foreign body in eye, or other tissues 930'),
(631, '302', 'Frigidity 302'),
(632, '994', 'Frostbite 994'),
(633, '7260', 'Frozen Shoulder 7260'),
(634, '576', 'Gallbladder 576'),
(635, '156', 'Gallbladder and Extra Hepatic Bile Ducts 156'),
(636, '156', 'Gallbladder and extra hepatic bile ducts 156'),
(637, '574', 'Gallstones (Calculus) Cholelithiasis, with or without Cholecystitis 574'),
(638, '727', 'Ganglion 727'),
(639, '531', 'Gastric Ulcer 531'),
(640, '531', 'Gastric with or without haemorrhage or perforation 531'),
(641, '535', 'Gastritis 535'),
(642, '535', 'Gastritis 535'),
(643, '009', 'Gastro 009'),
(644, '799', 'General Symptoms 799'),
(645, '440', 'Generalized 440'),
(646, '710', 'Generalized 710'),
(647, '440', 'Generalized arteriosclerosis, atherosclerosis 440'),
(648, '752', 'Genital Organs 752'),
(649, '752', 'Genital organs 752'),
(650, '629', 'Genital Organs, Female 629'),
(651, '184', 'Genital Organs, female, other 184'),
(652, '221', 'Genital Organs, female, other 221'),
(653, '608', 'Genital Organs, Male 608'),
(654, '187', 'Genital Organs, male, other 187'),
(655, '222', 'Genital Organs, male, other 222'),
(656, '236', 'Genitourinary Organs 236'),
(657, '236', 'Genitourinary organs 236'),
(658, '233', 'Genito-urinary System 233'),
(659, '788', 'Genito-urinary System 788'),
(660, '788', 'Genito-urinary System Signs and symptoms not yet diagnosed 788'),
(661, '056', 'German Measles (Rubella) 056'),
(662, '056', 'German measles, rubella 056'),
(663, '056', 'German, Rubella 056'),
(664, '523', 'Gingivitis 523'),
(665, '523', 'Gingivitis, periodontal disease 523'),
(666, '075', 'Glandular 075'),
(667, '075', 'Glandular Fever 075'),
(668, '365', 'Glaucoma 365'),
(669, '365', 'Glaucoma 365'),
(670, '580', 'Glmerulonephritis, Acute 580'),
(671, '529', 'Glossitis 529'),
(672, '529', 'Glossitis, other conditions of the tongue 529'),
(673, '039', 'Gonococcal 039'),
(674, '098', 'Gonococcal Infections 098'),
(675, '098', 'Gonococcal infections 098'),
(676, '274', 'Gout 274'),
(677, '274', 'Gout 274'),
(678, '2740', 'Gout 2740'),
(679, '7120', 'Gouty 7120'),
(680, '686', 'Granuloma, Pyogenic 686'),
(681, '242', 'Graves 242'),
(682, '143', 'Gum 143'),
(683, '143', 'Gum 143'),
(684, '611', 'Gynecomastia 611'),
(685, '307', 'Habit Spasms 307'),
(686, '228', 'Haemangioma and lymphangiomax 228'),
(687, '379', 'Haemorrhage, Eye 379'),
(688, '432', 'Haemorrhage, Intracranial 432'),
(689, '666', 'Haemorrhage, Post Partum 666'),
(690, '455', 'Haemorrhoids 455'),
(691, '455', 'Haemorrhoids 455'),
(692, '787', 'Halitosis 787'),
(693, '735', 'Hallux Valgus or Varus 735'),
(694, '735', 'Hallux valgus, hallux varus, hammer toe 735'),
(695, '735', 'Hammer Toe 735'),
(696, '8409', 'Hamstring - Tendon 8409'),
(697, '030', 'Hansen\'s 030'),
(698, '030', 'Hansen\'s Disease (Leprosy) 030'),
(699, '245', 'Hashimoto 245'),
(700, '477', 'Hay 477'),
(701, '477', 'Hay Fever 477'),
(702, '854', 'Head 854'),
(703, '132', 'Head or body lice, pediculosis 132'),
(704, '7840', 'Headache 7840'),
(705, 'C60', 'Headache C60'),
(706, '746', 'Heart 746'),
(707, '426', 'Heart Blocks 426'),
(708, '426', 'Heart blocks, other conduction disorders 426'),
(709, '429', 'Heart Disease 429'),
(710, '428', 'Heart Failure, Congestive 428'),
(711, '787', 'Heartburn 787'),
(712, '128', 'Helminthiases 128'),
(713, '128', 'Helminthiases 128'),
(714, '228', 'Hemangioma 228'),
(715, '228', 'Hemangioma 228'),
(716, '787', 'Hematemesis 787'),
(717, '599', 'Hematuria 599'),
(718, '599', 'Hemiplegia 599'),
(719, '773', 'Hemolytic disease of newborn 773'),
(720, '773', 'Hemolytic of Newborn 773'),
(721, '286', 'Hemophilia 286'),
(722, '786', 'Hemoptysis 786'),
(723, '282', 'Hemoytic, Hereditary 282'),
(724, '070', 'Hepatitis 070'),
(725, '099', 'Herpes Genitalis 099'),
(726, '054', 'Herpes Simplex 054'),
(727, '054', 'Herpes simplex, cold sore 054'),
(728, '053', 'Herpes Zoster 053'),
(729, '053', 'Herpes zoster, shingles 053'),
(730, '787', 'Hiccough 787'),
(731, '766', 'High Birthweight Infant 766'),
(732, '8439', 'Hip 8439'),
(733, '751', 'Hirchsprung\'s Megacolon 751'),
(734, '709', 'Hirsutism 709'),
(735, '115', 'Histoplasmosis 115'),
(736, '115', 'Histoplasmosis 115'),
(737, '708', 'Hives 708'),
(738, '201', 'Hodgkin\'s 201'),
(739, '201', 'Hodgkin\'s Disease 201'),
(740, '201', 'Hodgkin\'s Disease 201'),
(741, '201', 'Hodgkin\'s disease 201'),
(742, '8122', 'Humerus (unspecified) 8122'),
(743, '812', 'Humerus 812'),
(744, '812', 'Humerus 812'),
(745, '595', 'Hunner\'s 595'),
(746, '595', 'Hunner\'s Ulcer 595'),
(747, '349', 'Huntington\'s Chorea 349'),
(748, '769', 'Hyaline Membrane Disease 769'),
(749, '122', 'Hydatid All Sites 122'),
(750, '603', 'Hydrocele 603'),
(751, '603', 'Hydrocele 603'),
(752, '742', 'Hydrocephalus 742'),
(753, '742', 'Hydrocephalus 742'),
(754, '591', 'Hydronephrosis 591'),
(755, '591', 'Hydronephrosis 591'),
(756, '314', 'Hyperactive Child 314'),
(757, '255', 'Hyperaldosteronism 255'),
(758, '259', 'Hypercalcemia 259'),
(759, '536', 'Hyperchlorhydria 536'),
(760, '272', 'Hypercholesterolemia 272'),
(761, '643', 'Hyperemesis Gravidarum 643'),
(762, '701', 'Hyperkeratosis 701'),
(763, '701', 'Hyperkeratosis, scleroderma, keloid 701'),
(764, '314', 'Hyperkinetic syndrome of childhood 314'),
(765, '626', 'Hypermenorrhea 626'),
(766, '367', 'Hypermentropia 367'),
(767, '367', 'Hyperopia 367'),
(768, '259', 'Hyperplasia Adrenal 259'),
(769, '401', 'Hypertension, Essential 401'),
(770, '437', 'Hypertensive Encephalopathy 437'),
(771, '402', 'Hypertensive Heart 402'),
(772, '402', 'Hypertensive Heart Disease 402'),
(773, '402', 'Hypertensive heart disease 402'),
(774, '403', 'Hypertensive Renal 403'),
(775, '403', 'Hypertensive Renal Disease 403'),
(776, '403', 'Hypertensive renal disease 403'),
(777, '362', 'Hypertensive Retinopathy 362'),
(778, '242', 'Hyperthyroidism 242'),
(779, '242', 'Hyperthyroidism, thyrotoxicosis, exophthalmic goitre 242'),
(780, '786', 'Hyperventilation 786'),
(781, '536', 'Hypochlorhydria 536'),
(782, '279', 'Hypogammaglobulinemia 279'),
(783, '259', 'Hypoglycemia 259'),
(784, '626', 'Hypomenorrhea 626'),
(785, '148', 'Hypopharynx 148'),
(786, '148', 'Hypopharynx 148'),
(787, '447', 'Hypotension 447'),
(788, '244', 'Hypothyroidism - acquired (i.e., myxedema) 244'),
(789, '243', 'Hypothyroidism - congenital (i.e., cretinism) 243'),
(790, '244', 'Hypothyroidism Acquired 244'),
(791, '300', 'Hysteria 300'),
(792, '356', 'Idiopathic peripheral neuritis 356'),
(793, '869', 'If internal injury use 869'),
(794, '555', 'Ileitis, Regional 555'),
(795, '560', 'Ileus, Paralytic 560'),
(796, '903', 'Illegitimacy 903'),
(797, '903', 'Illegitimacy 903'),
(798, '903', 'Illegitimacy 903'),
(799, '279', 'Immunity 279'),
(800, '279', 'Immunity Disorders 279'),
(801, '896', 'Immunization All types 896'),
(802, '896', 'Immunization Immunization - all types 896'),
(803, '560', 'Impaction of Intestine 560'),
(804, '684', 'Impetigo 684'),
(805, '684', 'Impetigo 684'),
(806, '906', 'Imprisonment 906'),
(807, '940', 'Incision of Muscle, Tendon, Fascia, and Bursa of Hand 940'),
(808, '634', 'Incomplete abortion, complete abortion 634'),
(809, '788', 'Incontinence of Urine 788'),
(810, '536', 'Indigestion 536'),
(811, '661', 'Inertia 661'),
(812, '661', 'Inertia, Uterine 661'),
(813, '036', 'Infectious 036'),
(814, '075', 'Infectious mononucleosis, glandular fever 075'),
(815, '136', 'Infective Disease 136'),
(816, '628', 'Infertility 628'),
(817, '628', 'Infertility 628'),
(818, '127', 'Infestation Pinworm 127'),
(819, '147', 'Influenza 147'),
(820, '487', 'Influenza 487'),
(821, '703', 'Ingrown Nail 703'),
(822, '703', 'Ingrown nail, onychogryposis 703'),
(823, '550', 'Inguinal hernia, with or without obstruction 550'),
(824, '550', 'Inguinal with or without obstruction 550'),
(825, '959', 'Injuries 959'),
(826, '9593', 'Injury Elbow 9593'),
(827, '900', 'In-laws 900'),
(828, '900', 'In-laws Problem 900'),
(829, '413', 'Insufficiency Acute Coronary 413'),
(830, '869', 'Internal injuries to organ(s) 869'),
(831, '869', 'Internal to Organ 869'),
(832, '695', 'Intertrigo 695'),
(833, '722', 'Intervertebral Disc 722'),
(834, '722', 'Intervertebral Disc Disorders 722'),
(835, '722', 'Intervertebral disc disorders 722'),
(836, '560', 'Intestine 560'),
(837, '569', 'Intestine 569'),
(838, '557', 'Intestines Other vascular conditions 557'),
(839, '298', 'Intracranial 298'),
(840, '432', 'Intracranial Haemorrhage 432'),
(841, '212', 'Intrathoracic Organs 212'),
(842, '560', 'Intussusception 560'),
(843, '364', 'Iritis 364'),
(844, '364', 'Iritis 364'),
(845, '280', 'Iron 280'),
(846, '280', 'Iron Deficiency 280'),
(847, '280', 'Iron deficiency anaemia 280'),
(848, '413', 'Ischaemic Heart 413'),
(849, '435', 'Ischamia, Transient Cerebral 435'),
(850, '698', 'Itchy Condition, Other 698'),
(851, '787', 'Jaundice 787'),
(852, '7198', 'Joint 7198'),
(853, '781', 'Joint, Leg, Muscle 781'),
(854, '701', 'Keloid 701'),
(855, '370', 'Keratitis 370'),
(856, '370', 'Keratitis, corneal ulcer 370'),
(857, '376', 'Keratoconus 376'),
(858, '376', 'Keratoconus 376'),
(859, '189', 'Kidney 189'),
(860, '223', 'Kidney 223'),
(861, '592', 'Kidney 592'),
(862, '593', 'Kidney 593'),
(863, '189', 'Kidney, other urinary organs 189'),
(864, '223', 'Kidney, ureter, bladder 223'),
(865, '758', 'Klinefelter\'s Syndrome 758'),
(866, '8449', 'Knee and Leg 8449'),
(867, '844', 'Knee, Leg 844'),
(868, '844', 'Knee, leg 844'),
(869, '291', 'Korsakov\'s 291'),
(870, '291', 'Korsakov\'s Psychosis 291'),
(871, '7371', 'Kyphosis (acquired) 7371'),
(872, '737', 'Kyphosis 737'),
(873, '386', 'Labyrinthitis 386'),
(874, '879', 'Lacerations, open wounds - except limbs 879'),
(875, '368', 'Lacrimal Duct 368'),
(876, '375', 'Lacrimal Duct 375'),
(877, '259', 'Lactic Acidosis 259'),
(878, '153', 'Large intestine - excluding rectum 153'),
(879, '153', 'Large Intestine Excluding Rectum 153'),
(880, '464', 'Laryngitis, Acute 464'),
(881, '161', 'Larynx 161'),
(882, '161', 'Larynx, trachea 161'),
(883, '8270', 'Leg 8270'),
(884, 'C47', 'Leg, other than sciatic C47'),
(885, '906', 'Legal Problems 906'),
(886, '906', 'Legal Problems, Litigation, Imprisonment 906'),
(887, '906', 'Legal problems, litigation, imprisonment 906'),
(888, '732', 'Legg Perthes 732'),
(889, '732', 'Legg-perthes Disease 732'),
(890, '218', 'Leiomyoma 218'),
(891, '218', 'Leiomyoma 218'),
(892, '030', 'Leprosy (Hansen\'s Disease) 030'),
(893, '030', 'Leprosy (Hansen\'s Disease) 030'),
(894, '204', 'Leukemia, Lymphatic, Lymphocytic, Lymphoid 204'),
(895, '206', 'Leukemia, Monocytic 206'),
(896, '208', 'Leukemia, other types 208'),
(897, '203', 'Leukemia, plasma cell 203'),
(898, '528', 'Leukoplakia Oral Mucosa 528'),
(899, '132', 'Lice, Head or Body 132'),
(900, '755', 'Limbs 755'),
(901, '210', 'Lip (mucocele) 210'),
(902, '140', 'Lip 140'),
(903, '140', 'Lip 140'),
(904, '210', 'Lip 210'),
(905, '210', 'Lip, oral cavity, pharynx 210'),
(906, '272', 'Lipoid Metabolism 272'),
(907, '272', 'Lipoid Metabolism Disorder 272'),
(908, '214', 'Lipoma 214'),
(909, '214', 'Lipoma 214'),
(910, '214', 'Lipoma 214'),
(911, '272', 'Lipoprotein Disorders 272'),
(912, '528', 'Lips, Diseases of 528'),
(913, '906', 'Litigation 906'),
(914, '573', 'Liver 573'),
(915, '573', 'Liver 573'),
(916, '737', 'Lordosis 737'),
(917, '765', 'Low Birthweight Infant 765'),
(918, '369', 'Low Vision 369'),
(919, '894', 'Lower Limb(s) 894'),
(920, '894', 'Lower Limb(s) 894'),
(921, '529', 'Ludwig\'s Angina 529'),
(922, '724', 'Lumbago 724'),
(923, '7242', 'Lumbago 7242'),
(924, 'C42', 'Lumbar C42'),
(925, '724', 'Lumbar Strain 724'),
(926, '8472', 'Lumbar Strain 8472'),
(927, '724', 'Lumbar strain, lumbago, coccydynia, sciatica 724'),
(928, 'C52', 'Lumbar, lumbosacral C52'),
(929, 'C32', 'Lumoscral, sacroiliac C32'),
(930, '162', 'Lung 162'),
(931, '518', 'Lung, Other 518'),
(932, '695', 'Lupus Erythematosus 695'),
(933, '683', 'Lymphadenitis Acute 683'),
(934, '228', 'Lymphangioma 228'),
(935, '228', 'Lymphangioma 228'),
(936, '457', 'Lymphangitis 457'),
(937, '457', 'Lymphangitis, lymphedema 457'),
(938, '457', 'Lymphedema 457'),
(939, '4579', 'Lymphedema 4579'),
(940, '202', 'Lymphoid and Histiocytic Tissue, other 202'),
(941, '200', 'Lymphosarcoma 200'),
(942, '200', 'Lymphosarcoma 200'),
(943, '200', 'Lymphosarcoma, reticulosarcoma 200'),
(944, '524', 'Macrognathism 524'),
(945, '142', 'Major Salivary Glands 142'),
(946, '142', 'Major salivary glands 142'),
(947, '579', 'Malabsorption Syndrome 579'),
(948, '579', 'Malabsorption syndrome, sprue, celiac disease 579'),
(949, '136', 'Malaria 136'),
(950, '175', 'Male Breast 175'),
(951, '175', 'Male breast 175'),
(952, '606', 'Male infertility, oligospermia, azoospermia 606'),
(953, '263', 'Malnutrition, Unspecified 263'),
(954, '524', 'Malocclusion 524'),
(955, '652', 'Malpresentation 652'),
(956, '296', 'Manic Depressive 296'),
(957, '296', 'Manic Depressive Psychosis 296'),
(958, '296', 'Manic depressive psychosis, involutional melancholia 296'),
(959, '720', 'Marie Strumpell 720'),
(960, '720', 'Marie-Strumpell Spondylitis 720'),
(961, '898', 'Marital Difficulties 898'),
(962, '898', 'Marital difficulties 898'),
(963, '289', 'Marrow 289'),
(964, '787', 'Masses 787'),
(965, '610', 'Mastitis Cystic 610'),
(966, '388', 'Mastoid 388'),
(967, '383', 'Mastoiditis 383'),
(968, '383', 'Mastoiditis 383'),
(969, '055', 'Measles 055'),
(970, '055', 'Measles 055'),
(971, '296', 'Melancholia, Involutional 296'),
(972, '172', 'Melanoma of Skin 172'),
(973, '172', 'Melanoma of skin 172'),
(974, '787', 'Melena 787'),
(975, '386', 'Meniere\'s 386'),
(976, '386', 'Meniere\'s Disease 386'),
(977, '386', 'Meniere\'s disease, labyrinthitis 386'),
(978, '741', 'Menigocele 741'),
(979, '225', 'Meningioma (Benign) 225'),
(980, '047', 'Meningitis due to enterovirus 047'),
(981, '321', 'Meningitis due to other organisms 321'),
(982, '036', 'Meningococcal 036'),
(983, '036', 'Meningococcal Infection 036'),
(984, '036', 'Meningococcal infection or meningitis 036'),
(985, '741', 'Meningomyelocele 741'),
(986, '718', 'Meniscus or Cartilage Tear 718'),
(987, '627', 'Menopause 627'),
(988, '627', 'Menopause, post-menopausal bleeding 627'),
(989, '626', 'Menorrhagia 626'),
(990, '626', 'Menstruation 626'),
(991, '626', 'Menstruation Disorders 626'),
(992, '319', 'Mental 319'),
(993, '319', 'Mental retardation 319'),
(994, '557', 'Mesenteric Artery Occlusion 557'),
(995, '277', 'Metabolic Disorders 277'),
(996, '277', 'Metabolic Disorders, Other 277'),
(997, '8421', 'Metacarpal 8421'),
(998, '815', 'Metacarpals 815'),
(999, '815', 'Metacarpals 815'),
(1000, '199', 'Metastic Disease, secondary spread 199'),
(1001, '626', 'Metrorrhagia 626'),
(1002, '524', 'Micrognathism 524'),
(1003, '346', 'Migraine 346'),
(1004, '346', 'Migraine 346'),
(1005, '346', 'Migraine 346'),
(1006, '632', 'Missed 632'),
(1007, '632', 'Missed abortion 632'),
(1008, '394', 'Mitral 394'),
(1009, '394', 'Mitral 394'),
(1010, '394', 'Mitral stenosis, mitral insufficiency 394'),
(1011, '216', 'Mole 216'),
(1012, '112', 'Monilia all sites 112'),
(1013, '112', 'Monilia Infection, All Sites 112'),
(1014, '206', 'Monocytic leukemia 206'),
(1015, '075', 'Mononucleosis, Infectious 075'),
(1016, '349', 'Monoplegia 349'),
(1017, '062', 'Mosquito-borne viral encephalitis 062'),
(1018, '349', 'Motor Neurone 349'),
(1019, '349', 'Motor Neurone Disease 349'),
(1020, '315', 'Motor Retardation 315'),
(1021, '144', 'Mouth, Floor of 144'),
(1022, '651', 'Multiple 651'),
(1023, '203', 'Multiple Myeloma 203'),
(1024, '203', 'Multiple myeloma, plasma cell leukemia 203'),
(1025, '651', 'Multiple Pregnancy 651'),
(1026, '651', 'Multiple pregnancy 651'),
(1027, '340', 'Multiple Sclerosis 340'),
(1028, '340', 'Multiple sclerosis 340'),
(1029, '072', 'Mumps 072'),
(1030, '072', 'Mumps 072'),
(1031, '7288', 'Muscle Spasm 7288'),
(1032, '728', 'Muscle Spasms 728'),
(1033, '8489', 'Muscle Strain 8489'),
(1034, '359', 'Muscular dystrophies 359'),
(1035, '359', 'Muscular Dystrophy 359'),
(1036, '729', 'Muscular Rheumatism 729'),
(1037, '739', 'Musculoskeletal System 739'),
(1038, '756', 'Musculoskeletal System 756'),
(1039, '358', 'Myasthenia Gravis 358'),
(1040, '117', 'Mycoses 117'),
(1041, '117', 'Mycoses, All Types 117'),
(1042, '410', 'Myocardial Acute 410'),
(1043, '410', 'Myocardial Infarction Acute 410'),
(1044, '412', 'Myocardial Old, Without Symptoms 412'),
(1045, '358', 'Myoneural 358'),
(1046, '358', 'Myoneural disorders (e.g., myasthenia gravis) 358'),
(1047, '367', 'Myoneural Disorders 367'),
(1048, '367', 'Myopia 367'),
(1049, '729', 'Myositis 729'),
(1050, '7291', 'Myositis Plain and Trauma 7291'),
(1051, '244', 'Myxedema 244'),
(1052, '216', 'Naevus, Pigmented 216'),
(1053, '349', 'Narcolepsy 349'),
(1054, '471', 'Nasal 471'),
(1055, '160', 'Nasal Cavities, middle ear and accessory sinuses 160'),
(1056, '160', 'Nasal cavities, middle ear, and accessory sinuses 160'),
(1057, '471', 'Nasal Polyp 471'),
(1058, '471', 'Nasal polyp 471'),
(1059, '460', 'Nasopharyingitis, Acute 460'),
(1060, '147', 'Nasopharynx 147'),
(1061, '147', 'Nasopharynx 147'),
(1062, '787', 'Nausea 787'),
(1063, '7231', 'Neck 7231'),
(1064, '847', 'Neck 847'),
(1065, '847', 'Neck Sprain/Strain 847'),
(1066, '847', 'Neck, low back, coccyx 847'),
(1067, '239', 'Neoplasm Unspecified (e.g., Polycythemia Vera) 239'),
(1068, '581', 'Nephrotic Syndrome 581'),
(1069, '581', 'Nephrotic Syndrome 581'),
(1070, '349', 'Nervous System, Central 349'),
(1071, '7292', 'Neuralgia (unspecified) 7292'),
(1072, '350', 'Neuralgia, Trigeminal 350'),
(1073, '300', 'Neurasthenia 300'),
(1074, '377', 'Neuritis, Optic 377'),
(1075, '691', 'Neuro 691'),
(1076, '691', 'Neurodermatitis 691'),
(1077, '300', 'Neurosis Anxiety, Obessive Compulsive 300'),
(1078, '288', 'Neutropenia 288'),
(1079, '288', 'Neutropenia, acranulocytosis, eosinophilia 288'),
(1080, '779', 'Newborn 779'),
(1081, '609', 'Newborn circumcision 609'),
(1082, '003', 'Nipple, Post-partum, Salmonella 003'),
(1083, '788', 'Nocturia 788'),
(1084, '311', 'Non-psychotic Not elsewhere classified 311'),
(1085, '790', 'Non-specific findings on examination of blood 790'),
(1086, '791', 'Non-specific findings on examination of urine 791'),
(1087, '597', 'Non-specific urethritis (not sexually transmitted) 597'),
(1088, '7169', 'Non-specified Acute 7169'),
(1089, '7150', 'Non-specified Chronic 7150'),
(1090, '241', 'Nontoxic Nodular 241'),
(1091, '241', 'Nontoxic nodular goitre 241'),
(1092, '650', 'Normal 650'),
(1093, '650', 'Normal delivery, uncomplicated pregnancy 650'),
(1094, '748', 'Nose and Respiratory System 748'),
(1095, '269', 'Nutritional, Vitamin 269'),
(1096, '278', 'Obesity 278'),
(1097, '278', 'Obesity 278'),
(1098, '564', 'Obstipation 564'),
(1099, '660', 'Obstructed Labour 660'),
(1100, '660', 'Obstructed labour 660'),
(1101, '905', 'Occupational Problems Unemployment, difficulty at work 905'),
(1102, '905', 'Occupational, Unemployment, Difficulty at Work 905'),
(1103, '049', 'Of central nervous system, non-arthropod-borne 049'),
(1104, '454', 'Of lower extremities, with or without ulcer 454'),
(1105, '994', 'Of physical factors (e.g., heat, cold, frostbite, pressure) 994'),
(1106, '412', 'Old 412'),
(1107, '626', 'Oligomenorrhea 626'),
(1108, '786', 'Oligouria 786'),
(1109, '703', 'Onychogryposis 703'),
(1110, '614', 'Oophoritis Acute or chronic 614'),
(1111, '377', 'Optic neuritis 377'),
(1112, '210', 'Oral Cavity 210'),
(1113, '604', 'Orchitis 604'),
(1114, '604', 'Orchitis, epididymitis 604'),
(1115, '146', 'Oropharynx 146'),
(1116, '146', 'Oropharynx 146'),
(1117, '732', 'Osgood-Schlatter 732'),
(1118, '732', 'Osgood-Schlatter Disease 732'),
(1119, '731', 'Osteitis Deformans 731'),
(1120, '731', 'Osteitis deformans, Paget\'s disease of bone 731'),
(1121, '715', 'Osteo 715'),
(1122, '715', 'Osteoarthritis 715'),
(1123, '715', 'Osteoarthritis 715'),
(1124, '7159', 'Osteo-degenerative 7159'),
(1125, '730', 'Osteomyelitis 730'),
(1126, '730', 'Osteomyelitis 730'),
(1127, '730', 'Osteoporosis 730'),
(1128, '893', 'Osteotomy 893'),
(1129, '117', 'Other 117'),
(1130, '229', 'Other 229'),
(1131, '234', 'Other 234'),
(1132, '234', 'Other 234'),
(1133, '298', 'Other 298'),
(1134, '829', 'Other 829'),
(1135, '839', 'Other 839'),
(1136, '848', 'Other 848'),
(1137, '959', 'Other 959'),
(1138, '285', 'Other anaemias 285'),
(1139, '195', 'Other and ill-defined sites 195'),
(1140, '145', 'Other and unspecified parts of mouth 145'),
(1141, '145', 'Other and unspecified parts of mouth 145'),
(1142, '238', 'Other and Unspecified Sites and Tissues 238'),
(1143, '238', 'Other and unspecified sites and tissues 238'),
(1144, '285', 'Other Anemias 285'),
(1145, '936', 'Other Arthroplasty of Hip 936'),
(1146, '066', 'Other arthropod-borne viral diseases 066'),
(1147, '040', 'Other bacterial diseases 040'),
(1148, '229', 'Other benign neoplasms 229'),
(1149, '221', 'Other benign neoplasms of female genital organs 221'),
(1150, '219', 'Other benign neoplasms of uterus (e.g., cervical polyp) 219'),
(1151, '331', 'Other cerebral degenerations 331'),
(1152, '496', 'Other chronic obstructive pulmonary disease 496'),
(1153, 'C62', 'Other conditions (condition must be specified) C62'),
(1154, '779', 'Other conditions of fetus or newborn 779'),
(1155, '525', 'Other conditions of teeth and supporting structure 525'),
(1156, '759', 'Other congenital anomalies 759'),
(1157, '746', 'Other congenital anomalies of heart 746'),
(1158, '755', 'Other congenital anomalies of limbs 755'),
(1159, '739', 'Other Disease of 739'),
(1160, '289', 'Other diseases of blood, marrow, spleen 289'),
(1161, '576', 'Other diseases of gallbladder and biliary ducts 576'),
(1162, '519', 'Other diseases of respiratory system 519'),
(1163, '573', 'Other diseases of the liver 573'),
(1164, '839', 'Other dislocations 839'),
(1165, '709', 'Other disorders 709'),
(1166, '447', 'Other disorders of arteries 447'),
(1167, '459', 'Other disorders of circulatory system 459'),
(1168, '593', 'Other disorders of kidney or ureter 593'),
(1169, '629', 'Other Disorders of Other disorders of female genital organs 629'),
(1170, '709', 'Other disorders of skin and subcutaneous tissue 709'),
(1171, '537', 'Other disorders of stomach and duodenum 537'),
(1172, '379', 'Other disorders of the eye 379'),
(1173, '599', 'Other disorders of urinary tract 599'),
(1174, '259', 'Other endocrine disorders 259'),
(1175, '194', 'Other Endocrine Glands and related structures 194'),
(1176, '194', 'Other endocrine glands and related structures 194'),
(1177, '227', 'Other endocrine glands and related structures 227'),
(1178, '227', 'Other Endocrine Glands/related structures 227'),
(1179, '829', 'Other fractures 829'),
(1180, '854', 'Other head injuries 854'),
(1181, '128', 'Other helminthiases 128'),
(1182, '044', 'Other Human Immunodeficiency Virus Infection 044'),
(1183, '044', 'Other human immunodeficiency virus infection 044'),
(1184, '799', 'Other ill-defined conditions 799'),
(1185, '195', 'Other ill-defined sites 195'),
(1186, '136', 'Other infectious or parasitic diseases 136'),
(1187, '959', 'Other injuries or trauma 959'),
(1188, '698', 'Other itchy conditions 698'),
(1189, '686', 'Other local infections 686'),
(1190, '187', 'Other male genital organs 187'),
(1191, '199', 'Other malignant neoplasms 199'),
(1192, '199', 'Other Malignant Tumours 199'),
(1193, '277', 'Other metabolic disorders 277'),
(1194, '756', 'Other musculoskeletal anomalies 756'),
(1195, '117', 'Other mycoses 117'),
(1196, '796', 'Other non-specific abnormal findings 796'),
(1197, '017', 'Other Organs 017'),
(1198, '211', 'Other parts of digestive system, peritoneum 211'),
(1199, '909', 'Other problems of social adjustment 909'),
(1200, '909', 'Other problems of social adjustment 909'),
(1201, '298', 'Other psychoses 298'),
(1202, '398', 'Other rheumatic heart disease 398'),
(1203, '003', 'Other salmonella infections 003'),
(1204, 'C33', 'Other site articulations C33'),
(1205, '173', 'Other skin malignancies 173'),
(1206, '207', 'Other Specified Leukaemia 207'),
(1207, '207', 'Other specified leukemia 207'),
(1208, '848', 'Other sprains and strains 848'),
(1209, '208', 'Other types of leukemia 208'),
(1210, '099', 'Other venereal diseases (e.g., herpes genitalis) 099'),
(1211, '079', 'Other viral diseases 079'),
(1212, '916', 'Other Well baby care 916'),
(1213, '380', 'Otitis Externa 380'),
(1214, '380', 'Otitis externa 380'),
(1215, '381', 'Otitis Media, Serous 381'),
(1216, '382', 'Otitis Media, Suppurative 382'),
(1217, '387', 'Otosclerosis 387'),
(1218, '387', 'Otosclerosis 387'),
(1219, '220', 'Ovarian 220'),
(1220, '256', 'Ovarian 256'),
(1221, '256', 'Ovarian Dysfunction Failure 256'),
(1222, '220', 'Ovary (e.g., ovarian cyst) 220'),
(1223, '183', 'Ovary 183'),
(1224, '220', 'Ovary, e.g. Ovarian Cyst 220'),
(1225, '183', 'Ovary, fallopian tube, broad ligament 183'),
(1226, '977', 'Overdose, Drug 977'),
(1227, '614', 'P.I.D. Pelvic Inflammatory Disease 614'),
(1228, '731', 'Paget\'s - of bone 731'),
(1229, '7310', 'Pagets Disease 7310'),
(1230, '781', 'Pain 781'),
(1231, '351', 'Palsy Bell\'s 351'),
(1232, '157', 'Pancreas 157'),
(1233, '157', 'Pancreas 157'),
(1234, '577', 'Pancreas 577'),
(1235, '251', 'Pancreas Endocrine Disorders 251'),
(1236, '351', 'Paralysis, Facial 351'),
(1237, '560', 'Paralytic Ileus 560'),
(1238, '301', 'Paranoid 301'),
(1239, '297', 'Paranoid States 297'),
(1240, '297', 'Paranoid states 297'),
(1241, '605', 'Paraphimosis 605'),
(1242, '349', 'Paraplegia 349'),
(1243, '136', 'Parasitic Diseases 136'),
(1244, '252', 'Parathyroid Gland Disorders 252'),
(1245, '002', 'Paratyphoid Fever 002 '),
(1246, '899', 'Parent-child Problems (e.g., Child Abuse, Battered Child, Child Neglect) 899'),
(1247, '332', 'Parkinson\'s 332'),
(1248, '332', 'Parkinson\'s Disease 332'),
(1249, '332', 'Parkinson\'s disease 332'),
(1250, '686', 'Paronychia 686'),
(1251, '427', 'Paroxysmal 427'),
(1252, '427', 'Paroxysmal Tachycardia 427'),
(1253, '747', 'Patent Ductus Arteriosus 747'),
(1254, '132', 'Pediculosis 132'),
(1255, '614', 'Pelvic - inflammatory, chronic (P.I.D.) 614'),
(1256, 'C43', 'Pelvic, ileo-inguinal C43'),
(1257, '808', 'Pelvis 808'),
(1258, '808', 'Pelvis 808'),
(1259, '384', 'Perforation of tympanic membrane 384'),
(1260, '429', 'Pericarditis 429'),
(1261, '777', 'Perinatal disorders of digestive system 777'),
(1262, '664', 'Perineal 664'),
(1263, '664', 'Perineal lacerations 664'),
(1264, '523', 'Periodontal Disease 523'),
(1265, '225', 'Peripheral Nerves 225'),
(1266, '443', 'Peripheral Vascular (P.V.D.) 443'),
(1267, '443', 'Peripheral Vascular Disease 443'),
(1268, '211', 'Peritoneum 211'),
(1269, '567', 'Peritonitis, with or without abscess 567'),
(1270, '281', 'Pernicious 281'),
(1271, '281', 'Pernicious anaemia 281'),
(1272, '301', 'Personality Disorders 301'),
(1273, '033', 'Pertussis 033'),
(1274, '734', 'Pes Planus 734'),
(1275, '816', 'Phalanges - foot or hand 816'),
(1276, '816', 'Phalanges 816'),
(1277, '460', 'Pharyngitis 460'),
(1278, '210', 'Pharynx 210'),
(1279, '605', 'Phimosis 605'),
(1280, '605', 'Phimosis, paraphimosis 605'),
(1281, '451', 'Phlebitis 451'),
(1282, '451', 'Phlebitis, thrombophlebitis 451'),
(1283, '300', 'Phobias, All Types 300'),
(1284, '685', 'Pilonidal 685'),
(1285, '685', 'Pilonidal Cyst or Abscess 685'),
(1286, '685', 'Pilonidal cyst or abscess 685'),
(1287, '682', 'Pilonidal Tissue, Other 682'),
(1288, '127', 'Pinworm Infestation 127'),
(1289, '127', 'Pinworm infestation 127'),
(1290, '253', 'Pituitary Gland 253'),
(1291, '253', 'Pituitary Gland 253'),
(1292, '253', 'Pituitary Gland Dysfunction 253'),
(1293, '181', 'Placenta 181'),
(1294, '181', 'Placenta 181'),
(1295, '641', 'Placenta Previa 641'),
(1296, '7287', 'Plantar Fascitis 7287'),
(1297, '163', 'Pleura 163'),
(1298, '163', 'Pleura 163'),
(1299, '012', 'Pleurisy - with or without effusion 012'),
(1300, '511', 'Pleurisy With or Without Effusion 511'),
(1301, '511', 'Pleurisy with or without effusion 511'),
(1302, '486', 'Pneumonia - all types 486'),
(1303, '486', 'Pneumonia, All Types 486'),
(1304, '005', 'Poisoning Food 005'),
(1305, '045', 'Poliomyelitis, Acute 045'),
(1306, '446', 'Polyarteritis Nodosa 446'),
(1307, '446', 'Polyarteritis nodosa, temporal arteritis 446'),
(1308, '256', 'Polycystic Ovaries 256'),
(1309, '239', 'Polycythemia Vera 239'),
(1310, '710', 'Polymyositis 710'),
(1311, '277', 'Porphyria 277'),
(1312, '452', 'Portal vein thrombosis 452'),
(1313, '671', 'Post Partum 671'),
(1314, '766', 'Postmaturity 766'),
(1315, '766', 'Postmaturity, high-birthweight infant 766'),
(1316, '675', 'Post-partum 675'),
(1317, '666', 'Post-Partum haemorrhage 666'),
(1318, '675', 'Post-Partum mastitis or nipple infection 675'),
(1319, '971', 'Post-Partum Observation 971'),
(1320, '677', 'Post-Partum pulmonary 677'),
(1321, '671', 'Post-Partum thrombophlebitis 671'),
(1322, '249', 'Pre-diabetes 249'),
(1323, '642', 'Pre-eclampsia (P.E.T.) 642'),
(1324, '642', 'Pre-eclampsia, eclampsia, toxaemia 642'),
(1325, '644', 'Premature Labour 644'),
(1326, '658', 'Premature rupture of membrane 658'),
(1327, '658', 'Premature Rupture of Membranes 658'),
(1328, '765', 'Prematurity 765'),
(1329, '765', 'Prematurity, low-birthweight infant 765');
INSERT INTO `tbldiagnosis` (`DiagnosisId`, `DiagnosisCode`, `DiagnosisDesc`) VALUES
(1330, '625', 'Premenstrual Tension 625'),
(1331, '970', 'Prenatal Care 970'),
(1332, '367', 'Presbyopia 367'),
(1333, '290', 'Presenile Dementia 290'),
(1334, '900', 'Problems with aged parents or in-laws 900'),
(1335, '524', 'Prognathism 524'),
(1336, '618', 'Prolapse 618'),
(1337, '662', 'Prolonged Labour 662'),
(1338, '662', 'Prolonged labour 662'),
(1339, '645', 'Prolonged pregnancy 645'),
(1340, '185', 'Prostate 185'),
(1341, '185', 'Prostate 185'),
(1342, '592', 'Prostate 592'),
(1343, '601', 'Prostatitis 601'),
(1344, '601', 'Prostatitis 601'),
(1345, '698', 'Pruritus Ani 698'),
(1346, '698', 'Pruritus ani, other itchy conditions 698'),
(1347, '696', 'Psoriasis 696'),
(1348, '696', 'Psoriasis 696'),
(1349, '298', 'Psychoses 298'),
(1350, '306', 'Psychosomatic Disturbances 306'),
(1351, '306', 'Psychosomatic disturbances 306'),
(1352, '372', 'Pterygium 372'),
(1353, '374', 'Ptosis, Eyelid 374'),
(1354, '415', 'Pulmonary 415'),
(1355, '415', 'Pulmonary 415'),
(1356, '515', 'Pulmonary 515'),
(1357, '747', 'Pulmonary Artery 747'),
(1358, '415', 'Pulmonary embolism, pulmonary infarction 415'),
(1359, '515', 'Pulmonary fibrosis 515'),
(1360, '011', 'Pulmonary Tuberculosis 011'),
(1361, '011', 'Pulmonary tuberculosis 011'),
(1362, '011', 'Pulmonsary 011'),
(1363, '287', 'Purpura 287'),
(1364, '4439', 'PVD 4439'),
(1365, '590', 'Pyelitis 590'),
(1366, '711', 'Pygenic 711'),
(1367, '750', 'Pylorus, Mouth, Esophagus, and Stomach 750'),
(1368, '686', 'Pyoderma 686'),
(1369, '686', 'Pyoderma, pyogenic granuloma, other local infections 686'),
(1370, '711', 'Pyogenic Arthritis 711'),
(1371, '711', 'Pyogenic arthritis 711'),
(1372, '686', 'Pyogenic Granuloma 686'),
(1373, '349', 'Quadriplegia 349'),
(1374, '079', 'Rabies 079'),
(1375, '813', 'Radius 813'),
(1376, '813', 'Radius and/or ulna 813'),
(1377, '691', 'Rash 691'),
(1378, '519', 'Raynaud\'s 519'),
(1379, '443', 'Raynaud\'s Disease 443'),
(1380, '012', 'Recent positive conversion of T.B. skin Respiratory 012'),
(1381, '569', 'Rectal 569'),
(1382, '569', 'Rectal 569'),
(1383, '154', 'Recto Sigmoid 154'),
(1384, '618', 'Rectocele 618'),
(1385, '154', 'Rectum 154'),
(1386, '154', 'Rectum, rectosigmoid and anus 154'),
(1387, '718', 'Recurrent 718'),
(1388, 'C03', 'Recurrent C03'),
(1389, 'C06', 'Recurrent C06'),
(1390, 'C09', 'Recurrent C09'),
(1391, 'C12', 'Recurrent C12'),
(1392, 'C15', 'Recurrent C15'),
(1393, '555', 'Regional enteritis, Crohn\'s disease 555'),
(1394, '223', 'Renal 223'),
(1395, '788', 'Renal Colic 788'),
(1396, '788', 'Renal colic, urinary retention, nocturia, masses 788'),
(1397, '584', 'Renal Failure Acute 584'),
(1398, '585', 'Renal Failure Chronic 585'),
(1399, '212', 'Respiratory and intra-thoracic organs 212'),
(1400, '212', 'Respiratory System 212'),
(1401, '231', 'Respiratory System 231'),
(1402, '231', 'Respiratory system 231'),
(1403, '519', 'Respiratory System 519'),
(1404, '786', 'Respiratory System 786'),
(1405, '398', 'Respiratory System, other 398'),
(1406, '667', 'Retained Placenta 667'),
(1407, '667', 'Retained placenta 667'),
(1408, '200', 'Reticulosarcoma 200'),
(1409, '361', 'Retinal Detachment 361'),
(1410, '361', 'Retinal detachment 361'),
(1411, '363', 'Retinitis 363'),
(1412, '524', 'Retrognathism 524'),
(1413, '158', 'Retroperitoneum and Peritoneum 158'),
(1414, '158', 'Retroperitoneum and peritoneum 158'),
(1415, '621', 'Retroversion of Uterus 621'),
(1416, '391', 'Rheumatic 391'),
(1417, '7149', 'Rheumatic 7149'),
(1418, '398', 'Rheumatic Heart Disease Other 398'),
(1419, '7290', 'Rheumatism (muscle) 7290'),
(1420, '729', 'Rheumatism, Muscular 729'),
(1421, '714', 'Rheumatoid 714'),
(1422, '714', 'Rheumatoid arthritis, Still\'s disease 714'),
(1423, '477', 'Rhinitis 477'),
(1424, '477', 'Rhinitis, Allergic 477'),
(1425, '807', 'Ribs 807'),
(1426, '807', 'Ribs 807'),
(1427, '110', 'Ringworm of scalp, beard, or foot 110'),
(1428, '110', 'Ringworm Scalp, Beard, Foot 110'),
(1429, '695', 'Rosacea 695'),
(1430, '057', 'Roseola 057'),
(1431, '056', 'Rubella (German Measles) 056'),
(1432, '055', 'Rubeoloa (Measles) 055'),
(1433, '8439', 'Sacro-iliac Strain - Hip 8439'),
(1434, '527', 'Salivary Gland, Diseases of 527'),
(1435, '527', 'Salivary Glands 527'),
(1436, '003', 'Salmonella Infections 003'),
(1437, '614', 'Salpingitis Acute, or chronic (fallopian tube) 614'),
(1438, '135', 'Sarcoidosis 135'),
(1439, '135', 'Sarcoidosis 135'),
(1440, '133', 'Scabies 133'),
(1441, '133', 'Scabies, acariasis 133'),
(1442, '709', 'Scar, Scarring 709'),
(1443, '034', 'Scarlet 034'),
(1444, '034', 'Scarlet Fever 034'),
(1445, '301', 'Schizoid 301'),
(1446, '301', 'Schizoid Personality Disorder 301'),
(1447, '295', 'Schizophrenia 295'),
(1448, '295', 'Schizophrenia 295'),
(1449, '724', 'Sciatica 724'),
(1450, '701', 'Scleroderma Localized 701'),
(1451, '7379', 'Scoliosis (unspecified) 7379'),
(1452, '737', 'Scoliosis 737'),
(1453, '737', 'Scoliosis, kyphosis, lordosis 737'),
(1454, '706', 'Sebaceous 706'),
(1455, '706', 'Sebaceous Cyst 706'),
(1456, '216', 'Seborrheic 216'),
(1457, '690', 'Seborrheic 690'),
(1458, '690', 'Seborrheic Dermatitis 690'),
(1459, '690', 'Seborrheic dermatitis 690'),
(1460, '216', 'Seborrheic Wart 216'),
(1461, '198', 'Secondary Cancer 198'),
(1462, '196', 'Secondary Neoplasm of Lymph Nodes 196'),
(1463, '196', 'Secondary neoplasm of lymph nodes 196'),
(1464, '608', 'Seminal Vesiculitis 608'),
(1465, '797', 'Senescence 797'),
(1466, '290', 'Senile Dementia 290'),
(1467, '290', 'Senile dementia, presenile dementia 290'),
(1468, '797', 'Senility 797'),
(1469, '797', 'Senility, senescence 797'),
(1470, '038', 'Septicemia 038'),
(1471, '038', 'Septicemia, blood poisoning 038'),
(1472, '721', 'Sero- negative Spondyloarthropathies 721'),
(1473, '381', 'Serous otitis media, eustachian tube disorders 381'),
(1474, '758', 'Sex Chromosomes 758'),
(1475, '306', 'Sexual 306'),
(1476, '302', 'Sexual Deviations 302'),
(1477, '302', 'Sexual deviations 302'),
(1478, '306', 'Sexual Dysfunction 306'),
(1479, '8449', 'Shin Splints 8449'),
(1480, '053', 'Shingles 053'),
(1481, '785', 'Shock 785'),
(1482, '786', 'Shortness of Breath 786'),
(1483, '831', 'Shoulder 831'),
(1484, '831', 'Shoulder 831'),
(1485, '8409', 'Shoulder 8409'),
(1486, '9592', 'Shoulder 9592'),
(1487, '840', 'Shoulder, Upper Arm 840'),
(1488, '840', 'Shoulder, upper arm 840'),
(1489, '282', 'Sickle Cell 282'),
(1490, '786', 'Signs and Symptoms not yet diagnosed 786'),
(1491, '502', 'Silicosis 502'),
(1492, '502', 'Silicosis 502'),
(1493, '240', 'Simple Thyroid 240'),
(1494, '240', 'Simple thyroid goitre 240'),
(1495, '461', 'Sinusitis Acute 461'),
(1496, '473', 'Sinusitis Chronic 473'),
(1497, '216', 'Skin (e.g., pigmented naevus, dermatofibroma) 216'),
(1498, '216', 'Skin 216'),
(1499, '232', 'Skin 232'),
(1500, '232', 'Skin 232'),
(1501, '685', 'Skin and Subcutaneous 685'),
(1502, '173', 'Skin Malignancies, other 173'),
(1503, '701', 'Skin, Dry 701'),
(1504, '803', 'Skull 803'),
(1505, '803', 'Skull 803'),
(1506, '307', 'Sleep 307'),
(1507, '307', 'Sleep Disorders 307'),
(1508, '152', 'Small Intestine, including duodenum 152'),
(1509, '152', 'Small intestine, including duodenum 152'),
(1510, '909', 'Social Adjustment Problem Other than those individually specified in this list 909'),
(1511, '904', 'Social Maladjustment 904'),
(1512, '904', 'Social Maladjustment 904'),
(1513, '904', 'Social maladjustment 904'),
(1514, '728', 'Spasms, Muscle 728'),
(1515, '564', 'Spastic Colon 564'),
(1516, '608', 'Spermatocele 608'),
(1517, '192', 'Spinal Cord 192'),
(1518, '225', 'Spinal Cord 225'),
(1519, '930', 'Spinal Fusion 930'),
(1520, '289', 'Spleen 289'),
(1521, '720', 'Spondylitis Ankylosing 720'),
(1522, '721', 'Spondyloarthropathies Sero-Negative 721'),
(1523, '7561', 'Spondylolisthese 7561'),
(1524, '718', 'Spondylosis 718'),
(1525, '733', 'Spontaneous 733'),
(1526, '512', 'Spontaneous pneumothorax, tension pneumothorax 512'),
(1527, '579', 'Sprue 579'),
(1528, '038', 'Staphlococcal Infection 038'),
(1529, '454', 'Stasis 454'),
(1530, '454', 'Stasis Ulcer 454'),
(1531, '256', 'Stein-Leventhal Syndrome 256'),
(1532, '628', 'Sterility 628'),
(1533, '895', 'Sterilization Advice 895'),
(1534, '7235', 'Stiff Neck 7235'),
(1535, '714', 'Still\'s 714'),
(1536, '714', 'Still\'s Disease 714'),
(1537, '989', 'Sting, Bee Or Wasp 989'),
(1538, '151', 'Stomach 151'),
(1539, '151', 'Stomach 151'),
(1540, '537', 'Stomach 537'),
(1541, '534', 'Stomal Ulcer 534'),
(1542, '534', 'Stomal ulcer, gastrojejunal ulcer 534'),
(1543, '534', 'Stomal, Gastrojejunal 534'),
(1544, '528', 'Stomatitis 528'),
(1545, '592', 'Stone (Calculus) In Kidney or Ureter 592'),
(1546, '592', 'Stone in kidney or ureter 592'),
(1547, '378', 'Strabismus 378'),
(1548, '378', 'Strabismus 378'),
(1549, '034', 'Streptococcal Sore Throat 034'),
(1550, '034', 'Streptococcal sore throat, scarlet fever 034'),
(1551, '625', 'Stress Incontinence 625'),
(1552, '569', 'Stricture 569'),
(1553, '623', 'Stricture or stenosis of vagina 623'),
(1554, '436', 'Stroke, C.V.A. 436'),
(1555, '307', 'Stuttering 307'),
(1556, '373', 'Stye 373'),
(1557, '798', 'Sudden death, cause unknown 798'),
(1558, '919', 'Superficial 919'),
(1559, '382', 'Suppurative otitis media 382'),
(1560, '944', 'Suture of Muscle, Tendon, and Fascia of Hand 944'),
(1561, '799', 'Sweating, Excessive 799'),
(1562, '781', 'Swelling, Masses 781'),
(1563, '487', 'Swine Flu 487'),
(1564, '785', 'Syncope 785'),
(1565, '924', 'Synovectomy 924'),
(1566, '727', 'Synovitis 727'),
(1567, '7270', 'Synovitis 7270'),
(1568, '727', 'Synovitis, tenosynovitis, bursitis, bunion, ganglion 727'),
(1569, '097', 'Syphilis - all sites and stages 097'),
(1570, '097', 'Syphilis, All Sites and Stages 097'),
(1571, '349', 'Syringomyelia 349'),
(1572, '785', 'Tachycardia Not yet diagnosed 785'),
(1573, '123', 'Taenia 123'),
(1574, '123', 'Taenia or tapeworm infestation - all types 123'),
(1575, '123', 'Tapeworm - all types 123'),
(1576, '330', 'Tay-Sachs 330'),
(1577, '330', 'Tay-Sachs Disease 330'),
(1578, '330', 'Tay-Sachs disease 330'),
(1579, '525', 'Teething 525'),
(1580, '300', 'Tendencies 300'),
(1581, '7269', 'Tendinitis 7269'),
(1582, '7263', 'Tennis Elbow 7263'),
(1583, '727', 'Tenosynovitis 727'),
(1584, '307', 'Tension 307'),
(1585, '010', 'Test 010'),
(1586, '257', 'Testicular Dysfunction 257'),
(1587, '257', 'Testicular dysfunction 257'),
(1588, '186', 'Testis 186'),
(1589, '186', 'Testis 186'),
(1590, '037', 'Tetanus 037'),
(1591, '037', 'Tetanus 037'),
(1592, '745', 'Tetralogy of Fallot 745'),
(1593, '282', 'Thalassemia 282'),
(1594, '635', 'Therapeutic 635'),
(1595, '635', 'Therapeutic abortion 635'),
(1596, '8471', 'Thoracic Strain 8471'),
(1597, 'C41', 'Thoracic, costal, intercostal C41'),
(1598, 'C31', 'Thoracic, lumbar, sacral, coccyx C31'),
(1599, '640', 'Threatened 640'),
(1600, '640', 'Threatened abortion, haemorrhage in early pregnancy 640'),
(1601, '644', 'Threatened Labour 644'),
(1602, 'C53', 'Throacic (with visceral) C53'),
(1603, '287', 'Thrombocytopenia 287'),
(1604, '451', 'Thrombophlebitis 451'),
(1605, '436', 'Thrombosis Cerebral 436'),
(1606, '452', 'Thrombosis of Portal Vein 452'),
(1607, '112', 'Thrush 112'),
(1608, '164', 'Thymus, Heart and Mediastinum 164'),
(1609, '164', 'Thymus, heart, and mediastinum 164'),
(1610, '226', 'Thyroid (e.g., adenoma or cystadenoma) 226'),
(1611, '193', 'Thyroid 193'),
(1612, '193', 'Thyroid 193'),
(1613, '226', 'Thyroid 226'),
(1614, '245', 'Thyroiditis 245'),
(1615, '245', 'Thyroiditis 245'),
(1616, '242', 'Thyrotoxicosis 242'),
(1617, '823', 'Tibia 823'),
(1618, '823', 'Tibia and/or fibula 823'),
(1619, '350', 'Tic Douloureux 350'),
(1620, '307', 'Tics 307'),
(1621, '388', 'Tinnitus 388'),
(1622, '305', 'Tobacco Abuse 305'),
(1623, '305', 'Tobacco abuse 305'),
(1624, '141', 'Tongue 141'),
(1625, '141', 'Tongue 141'),
(1626, '529', 'Tongue 529'),
(1627, '529', 'Tongue, Other Conditions of 529'),
(1628, '463', 'Tonsillitis Acute 463'),
(1629, '575', 'Tonsils, Adenoids 575'),
(1630, '474', 'Tonsils, Adenoids Chronic 474'),
(1631, '8404', 'Torn Rotator Cuff 8404'),
(1632, '608', 'Torsion of Cord or Testis 608'),
(1633, '739', 'Torticollis (Wry Neck) 739'),
(1634, '8470', 'Torticollis 8470'),
(1635, '935', 'Total Hip Replacement 935'),
(1636, '642', 'Toxaemia of Pregnancy 642'),
(1637, '130', 'Toxoplasmosis 130'),
(1638, '130', 'Toxoplasmosis 130'),
(1639, '464', 'Tracheitis, Acute 464'),
(1640, '435', 'Transient Cerebral Ischaemia 435'),
(1641, '435', 'Transient cerebral ischaemia 435'),
(1642, '945', 'Transplantation of Muscle and Tendon of Hand 945'),
(1643, '8408', 'Trapezius Sprain 8408'),
(1644, '959', 'Trauma 959'),
(1645, '959', 'Trauma 959'),
(1646, '716', 'Traumatic 716'),
(1647, '716', 'Traumatic Arthritis 716'),
(1648, '716', 'Traumatic arthritis 716'),
(1649, '131', 'Trichomonas Infection 131'),
(1650, '131', 'Trichomonas infection 131'),
(1651, '131', 'Trichomonas Vaginalis 131'),
(1652, '350', 'Trigeminal neuralgia, tic douloureux 350'),
(1653, '012', 'Tuberculosis 012'),
(1654, '015', 'Tuberculosis 015'),
(1655, '015', 'Tuberculosis of bones and joints 015'),
(1656, '017', 'Tuberculosis of other organs 017'),
(1657, '758', 'Turner\'s Syndrome 758'),
(1658, '002', 'Typhoid 002'),
(1659, '002', 'Typhoid and paratyphoid fevers 002'),
(1660, '002', 'Typhoid Fever, Paratyphoid 002'),
(1661, '556', 'Ulcerative 556'),
(1662, '556', 'Ulcerative colitis 556'),
(1663, '813', 'Ulna 813'),
(1664, '762', 'Umbilical Cord 762'),
(1665, '650', 'Uncomplicated 650'),
(1666, '608', 'Undescended Testicle 608'),
(1667, '905', 'Unemployment Problems 905'),
(1668, '263', 'Unspecified malnutrition 263'),
(1669, '239', 'Unspecified neoplasms (e.g., polycythemia vera) 239'),
(1670, '652', 'Unusual Position Of Fetus 652'),
(1671, '652', 'Unusual position of fetus, malpresentation 652'),
(1672, '884', 'Upper Limb(s) 884'),
(1673, '884', 'Upper Limb(s) 884'),
(1674, '884', 'Upper Limb(s) 884'),
(1675, '460', 'Upper Respiratory 460'),
(1676, '460', 'Upper Respiratory Infection 460'),
(1677, '753', 'Urachal 753'),
(1678, '753', 'Urachal Cyst 753'),
(1679, '585', 'Uremia 585'),
(1680, '223', 'Ureter 223'),
(1681, '592', 'Ureter 592'),
(1682, '593', 'Ureter 593'),
(1683, '598', 'Urethral 598'),
(1684, '598', 'Urethral Stricture 598'),
(1685, '598', 'Urethral stricture 598'),
(1686, '597', 'Urethritis, Non-specific Not sexually transmitted 597'),
(1687, '618', 'Urethrocele 618'),
(1688, '189', 'Urinary Organs, other 189'),
(1689, '788', 'Urinary Retention 788'),
(1690, '590', 'Urinary System 590'),
(1691, '753', 'Urinary System 753'),
(1692, '753', 'Urinary system 753'),
(1693, '599', 'Urinary Tract 599'),
(1694, '708', 'Urticaria, Allergic 708'),
(1695, '618', 'Uterine 618'),
(1696, '218', 'Uterine Fibroid 218'),
(1697, '218', 'Uterine fibroid, leiomyoma 218'),
(1698, '661', 'Uterine inertia 661'),
(1699, '621', 'Uterus 621'),
(1700, '182', 'Uterus, body of 182'),
(1701, '179', 'Uterus, part unspecified 179'),
(1702, '179', 'Uterus, part unspecified 179'),
(1703, '184', 'Vagina 184'),
(1704, '623', 'Vagina 623'),
(1705, '623', 'Vagina 623'),
(1706, '184', 'Vagina, vulva, other female genital organs 184'),
(1707, '616', 'Vaginitis (Not trichomonas - see 131) 616'),
(1708, '646', 'Varicose Veins With Pregnancy 646'),
(1709, '447', 'Vasculitis 447'),
(1710, '780', 'Vaso Vagal Attack 780'),
(1711, '099', 'Venereal 099'),
(1712, '099', 'Venereal 099'),
(1713, '629', 'Venereal, Other Disorders 629'),
(1714, '078', 'Verruca 078'),
(1715, '8058', 'Vertebra 8058'),
(1716, '806', 'Vertebral column - with spinal cord damage 806'),
(1717, '805', 'Vertebral column - without spinal cord damage 805'),
(1718, '806', 'Vertebral Column with spinal cord damage 806'),
(1719, '805', 'Vertebral Column without spinal cord damage 805'),
(1720, 'C54', 'Vertebrogenic or pressure C54'),
(1721, '780', 'Vertigo 780'),
(1722, '608', 'Vesiculitis, Seminal 608'),
(1723, '386', 'Vestibulitis 386'),
(1724, '136', 'Vincent\'s Angina 136'),
(1725, '079', 'Viral Disease 079'),
(1726, '070', 'Viral hepatitis 070'),
(1727, '066', 'Viral, Arthropod-borne 066'),
(1728, '062', 'Viral, Mosquito Borne 062'),
(1729, '790', 'Viremia 790'),
(1730, '368', 'Visual Field Defects 368'),
(1731, '269', 'Vitamin and other nutritional deficiencies 269'),
(1732, '560', 'Volvulus 560'),
(1733, '787', 'Vomiting 787'),
(1734, '643', 'Vomiting, hyperemesis gravidarum 643'),
(1735, '706', 'Vulgaris 706'),
(1736, '184', 'Vulva 184'),
(1737, '616', 'Vulvitis Unrelated to Pregnancy 616'),
(1738, '078', 'Warts 078'),
(1739, '989', 'Wasp Sting 989'),
(1740, '388', 'Wax in Ear 388'),
(1741, '916', 'Well Baby Care 916'),
(1742, '917', 'Well Vision Care 917'),
(1743, '847', 'Whiplash 847'),
(1744, '8470', 'Whiplash Injury 8470'),
(1745, '033', 'Whooping Cough 033'),
(1746, '033', 'Whooping cough, pertussis 033'),
(1747, '669', 'With Other Complications 669'),
(1748, '641', 'With Placenta Praevia, Abruptio Placenta 641'),
(1749, '646', 'With Pregnancy 646'),
(1750, '646', 'With Pregnancy 646'),
(1751, '998', 'Wound 998'),
(1752, '8140', 'Wrist 8140'),
(1753, '842', 'Wrist, Hand, Fingers 842'),
(1754, '842', 'Wrist, hand, fingers 842'),
(1755, '739', 'Wry Neck (Torticollis) 739');

-- --------------------------------------------------------

--
-- Table structure for table `tblmri`
--

CREATE TABLE `tblmri` (
  `mri_id` int(11) NOT NULL,
  `mri_code` varchar(5) NOT NULL,
  `mri_desc` varchar(50) NOT NULL
) ENGINE=InnoDB DEFAULT CHARSET=latin1;

--
-- Dumping data for table `tblmri`
--

INSERT INTO `tblmri` (`mri_id`, `mri_code`, `mri_desc`) VALUES
(1, 'U', 'Toronto'),
(2, 'H', 'Hamilton'),
(3, 'K', 'Kingston'),
(4, 'L', 'London'),
(5, 'M', 'Mississauga'),
(6, 'O', 'Oshawa'),
(7, 'T', 'Ottawa'),
(8, 'S', 'Sudbury'),
(9, 'B', 'Thunder Bay');

-- --------------------------------------------------------

--
-- Table structure for table `tblplan`
--

CREATE TABLE `tblplan` (
  `planid` int(11) NOT NULL,
  `planCode` varchar(100) NOT NULL,
  `planDesc` varchar(200) NOT NULL,
  `provCode` varchar(100) NOT NULL
) ENGINE=InnoDB DEFAULT CHARSET=latin1;

--
-- Dumping data for table `tblplan`
--

INSERT INTO `tblplan` (`planid`, `planCode`, `planDesc`, `provCode`) VALUES
(1, 'RMB', '0', 'AB'),
(2, 'RMB', '0', 'BC'),
(3, 'RMB', '0', 'MB'),
(4, 'RMB', '0', 'NB'),
(5, 'RMB', '0', 'NL'),
(6, 'RMB', '0', 'NT'),
(7, 'RMB', '0', 'NS'),
(8, 'HCP', '0', 'ON'),
(9, 'WCB', '0', 'ON'),
(10, 'RMB', '0', 'PE'),
(11, 'RMB', '0', 'SK'),
(12, 'RMB', '0', 'NU'),
(13, 'RMB', '0', 'YT');

-- --------------------------------------------------------

--
-- Table structure for table `tblprovince`
--

CREATE TABLE `tblprovince` (
  `ProvName` varchar(100) NOT NULL,
  `recid` int(11) NOT NULL,
  `ProvCode` varchar(100) NOT NULL
) ENGINE=InnoDB DEFAULT CHARSET=latin1;

--
-- Dumping data for table `tblprovince`
--

INSERT INTO `tblprovince` (`ProvName`, `recid`, `ProvCode`) VALUES
('Alberta', 1, 'AB'),
('British Columbia', 2, 'BC'),
('Manitoba', 3, 'MB'),
('New Brunswick', 4, 'NB'),
('Newfoundland', 5, 'NL'),
('Nova Scotia', 6, 'NS'),
('Northwest Territories', 7, 'NT'),
('Territory of Nunavut', 8, 'NU'),
('Ontario', 9, 'ON'),
('Prince Edward Island', 10, 'PE'),
('Saskatchewan', 11, 'SK'),
('Yukon', 12, 'YT');

-- --------------------------------------------------------

--
-- Table structure for table `tblservices`
--

CREATE TABLE `tblservices` (
  `servicesId` int(11) NOT NULL,
  `servicesCode` varchar(100) NOT NULL,
  `servicesDesc` varchar(500) NOT NULL,
  `servicesFee` decimal(10,2) NOT NULL
) ENGINE=InnoDB DEFAULT CHARSET=latin1;

--
-- Dumping data for table `tblservices`
--

INSERT INTO `tblservices` (`servicesId`, `servicesCode`, `servicesDesc`, `servicesFee`) VALUES
(547, 'H113A', 'daytime and evenings (08:00h to 24:00h) on Saturdays, Sundays or Holidays', '19.80'),
(548, 'H121A', 'Minor assessment', '29.80'),
(549, 'H122A', 'Comprehensive assessment and care', '73.90'),
(550, 'H123A', 'Multiple systems assessment', '65.95'),
(551, 'H124A', 'Re-assessment', '29.80'),
(552, 'H131A', 'Minor assessment', '18.70'),
(553, 'H132A', 'Comprehensive assessment and care', '46.30'),
(554, 'H133A', 'Multiple systems assessment', '42.40'),
(555, 'H134A', 'Re-assessment', '18.70'),
(556, 'H151A', 'Minor assessment', '25.50'),
(557, 'H152A', 'Comprehensive assessment and care', '63.30'),
(558, 'H153A', 'Multiple systems assessment', '56.95'),
(559, 'H154A', 'Re-assessment', '25.50'),
(560, 'K002A', 'Interviews with relatives or a person who is authorized to make a treatment decision on behalf of the patient in accordance with the Health Care Consent Act', '62.75'),
(561, 'K003A', 'Interviews with Childrens Aid Society (CAS) or legal guardian on be half of the patient in accordance with the Health Care Consent Act conducted for a purpose other than to obtain consent', '62.75'),
(562, 'K004A', '2 or more family members in attendance at the same time', '68.10'),
(563, 'K005A', 'Individual care', '62.75'),
(564, 'K006A', 'Individual care', '62.75'),
(565, 'K007A', 'Individual care', '62.75'),
(566, 'K008A', 'Diagnostic interview and/or counselling with child and/or parent for psychological problem or learning disabilities', '62.75'),
(567, 'K010A', 'additional units per member (maximum 6 units per patient per day)', '10.00'),
(568, 'K013A', 'first three units of K013 and K040 combined per patient per provider per 12 month period', '62.75'),
(569, 'K014A', 'Counselling for transplant recipients, donors or families of recipients and donors - 1 or more persons', '62.75'),
(570, 'K015A', 'Counselling of relatives - on behalf of catastrophically or terminally ill patient - 1 or more persons', '62.75'),
(571, 'K016A', 'Genetic assessment', '74.05'),
(572, 'K017A', 'child', '43.60'),
(573, 'K018A', 'female', '308.70'),
(574, 'K019A', '2 people   per unit', '31.40'),
(575, 'K020A', '3 people    per unit', '20.90'),
(576, 'K021A', 'male', '243.50'),
(577, 'K022A', 'HIV primary care', '62.75'),
(578, 'K023A', 'Palliative care support', '62.75'),
(579, 'K025A', '6 to 12 people   per unit', '11.05'),
(580, 'K026A', 'Certification of Medical Eligibility for OHCAP', '54.70'),
(581, 'K027A', 'Certification of Medical Eligibility for OHCAP - includes only completion of Application for OHCAP - Physicians Form without an associated consultation or visit on the same day.', '21.85'),
(582, 'K028A', 'STD management', '62.75'),
(583, 'K029A', 'Insulin Therapy Support (ITS)', '62.75'),
(584, 'K030A', 'Diabetic Management Assessment', '39.20'),
(585, 'K031A', 'Completion of Form 1 - Physician report in accordance with the Mandatory Blood Testing Act', '102.50'),
(586, 'K032A', 'Specific neurocognitive assessment', '62.75'),
(587, 'K033A', 'additional units per patient per provider per 12 month period', '38.15'),
(588, 'K034A', 'Telephone reporting - specified reportable disease to a MOH', '36.00'),
(589, 'K035A', 'Completion of northern health travel grant application form', '36.25'),
(590, 'K037A', 'Fibromyalgia/chronic fatigue syndrome care', '62.75'),
(591, 'K038A', 'Completion of Long-Term Care health report form', '45.15'),
(592, 'K039A', 'Smoking cessation follow-up visit', '33.45'),
(593, 'K040A', 'where no group members have received more than 3 units provider per 12 month period of any counselling paid under codes K013 and K040 combined per', '62.75'),
(594, 'K041A', 'additional units where any group member has received 3 or more units of any counselling paid under codes K013 and K040 combined per provider per 12 month period', '38.80'),
(595, 'K070A', 'Application', '31.75'),
(596, 'K071A', 'Acute home care supervision (maximum 1 every week for the first 8 weeks following admission to home care program)', '21.40'),
(597, 'K072A', 'Chronic home care supervision (maximum 2 per month commencing in the 9th week following admission to the home care program)', '21.40'),
(598, 'K090A', 'Pre-operative medical management of a bariatric surgery patient in a Bariatric RATC', '100.00'),
(599, 'K091A', 'Post-operative monthly management of a bariatric surgery patient in a Bariatric RATC', '25.00'),
(600, 'K121A', 'Hospital in-patient case conference', '31.35'),
(601, 'K124A', 'Long-term care/CCAC case conference', '31.35'),
(602, 'K399A', 'Clinical interpretation by an immunologist', '29.05'),
(603, 'K623A', 'Application for psychiatric assessment', '104.80'),
(604, 'K624A', 'Certification of involuntary admission', '129.05'),
(605, 'K629A', 'All other re-certification(s) of involuntary admission including completion of appropriate forms', '38.25'),
(606, 'K680A', 'Substance abuse - extended assessment', '62.75'),
(607, 'K682A', 'Opioid Agonist Maintenance Program monthly management fee - intensive, per month', '45.00'),
(608, 'K683A', 'Opioid Agonist Maintenance Program monthly management fee - maintenance, per month', '38.00'),
(609, 'K684A', 'Opioid Agonist Maintenance Program - team premium, per month, to K682 or K683', '6.00'),
(610, 'K700A', 'Palliative care out-patient case conference', '31.35'),
(611, 'K702A', 'Bariatric out-patient case conference', '31.35'),
(612, 'K705A', 'Long-term care  high risk patient conference', '31.35'),
(613, 'K706A', 'Convalescent care program case conference', '31.35'),
(614, 'K707A', 'Chronic pain out-patient case conference', '31.35'),
(615, 'K708A', 'MCC Participant, per patient', '31.35'),
(616, 'K709A', 'MCC Chairperson, per patient', '40.45'),
(617, 'K730A', 'Physician to physician telephone consultation - Referring physician', '31.35'),
(618, 'K731A', 'Physician to physician telephone consultation - Consultant physician', '40.45'),
(619, 'K732A', 'CritiCall telephone consultation - Referring physician', '31.35'),
(620, 'K733A', 'CritiCall telephone consultation - Consultant physician', '40.45'),
(621, 'K734A', 'Physician to physician telephone consultation - Referring physician', '31.35'),
(622, 'K735A', 'Physician to physician telephone consultation - Consultant physician', '40.45'),
(623, 'K736A', 'CritiCall telephone consultation - Referring physician', '31.35'),
(624, 'K737A', 'CritiCall telephone consultation - Consultant physician', '40.45'),
(625, 'K738A', 'Physician to physician e-consultation  Referring physician', '16.00'),
(626, 'K739A', 'Physician to physician e-consultation  Consultant physician', '20.50'),
(627, 'K887A', 'CTO initiation including completion of the CTO form and all preceding CTO services directly related to CTO initiation', '84.70'),
(628, 'K888A', 'CTO supervision including all associated CTO services except those related to initiation or renewal', '84.70'),
(629, 'K889A', 'CTO renewal including completion of the CTO form and all preceding CTO services directly related to CTO renewal', '84.70'),
(630, 'Q040A', 'Diabetes management incentive', '75.00'),
(631, 'W001A', 'additional subsequent visits (maximum 4 per patient per month)', '21.20'),
(632, 'W002A', 'first 4 subsequent visits per patient per month', '32.20'),
(633, 'W003A', 'first 2 subsequent visits per patient per month', '32.20'),
(634, 'W004A', 'General re-assessment of patient in nursing home (per the Nursing Homes Act).', '38.35'),
(635, 'W008A', 'additional subsequent visits (maximum 2 per patient per month)', '21.20'),
(636, 'W010A', 'Monthly management fee (per patient per month) (see General Preamble GP42 to GP44)', '108.85'),
(637, 'W102A', 'Type 1', '69.35'),
(638, 'W104A', 'Type 2', '20.60'),
(639, 'W105A', 'Consultation', '77.20'),
(640, 'W106A', 'Repeat consultation', '45.90'),
(641, 'W107A', 'Type 3', '30.70'),
(642, 'W109A', 'Periodic health visit', '70.50'),
(643, 'W121A', 'Additional visits due to intercurrent illness (see General Preamble GP34)', '31.00'),
(644, 'W771A', 'Certification of death - subject to same conditions as A771', '20.60'),
(645, 'W777A', 'Intermediate assessment - Pronouncement of death - subject to the same conditions as A777', '33.70'),
(646, 'W872A', 'palliative care (see General Preamble GP41)', '32.20'),
(647, 'W882A', 'palliative care (see General Preamble GP41)', '32.20'),
(648, 'W911A', 'Special family and general practice consultation - subject to the same conditions as A911', '144.75'),
(649, 'W912A', 'Comprehensive family and general practice consultation - subject to the same conditions as A912', '217.15'),
(650, 'A001A', 'Minor assessment', '21.70'),
(651, 'A002A', 'Enhanced 18 month well baby visit (see General Preamble GP30)', '62.20'),
(652, 'A003A', 'General assessment', '77.20'),
(653, 'A004A', 'General re-assessment', '38.35'),
(654, 'A005A', 'Consultation', '77.20'),
(655, 'A006A', 'Repeat consultation', '45.90'),
(656, 'A007A', 'Intermediate assessment or well baby care', '33.70'),
(657, 'A008A', 'Mini assessment', '13.05'),
(658, 'A100A', 'General/Family physician emergency department assessment', '76.90'),
(659, 'A110A', 'aged 19 years and below', '48.90'),
(660, 'A112A', 'aged 65 years and above', '48.90'),
(661, 'A115A', 'Major eye examination', '51.10'),
(662, 'A680A', 'Initial assessment  substance abuse', '144.75'),
(663, 'A771A', 'Certification of death', '20.60'),
(664, 'A777A', 'Intermediate assessment - Pronouncement of death (see General Preamble GP24)', '33.70'),
(665, 'A813A', 'Midwife-Requested Assessment', '101.70'),
(666, 'A815A', 'Midwife-Requested Special Assessment', '186.95'),
(667, 'A888A', 'Emergency department equivalent - partial assessment', '35.40'),
(668, 'A901A', 'House call assessment', '45.15'),
(669, 'A902A', 'House call assessment - Pronouncement of death in the home', '45.15'),
(670, 'A905A', 'Limited consultation', '65.90'),
(671, 'A911A', 'Special family and general practice consultation', '144.75'),
(672, 'A912A', 'Comprehensive family and general practice consultation', '217.15'),
(673, 'A917A', 'Sport medicine FPA', '33.70'),
(674, 'A927A', 'Allergy FPA', '33.70'),
(675, 'A933A', 'On-call admission assessment', '79.90'),
(676, 'A937A', 'Pain management FPA', '33.70'),
(677, 'A945A', 'Special palliative care consultation', '144.75'),
(678, 'A947A', 'Sleep medicine FPA', '33.70'),
(679, 'A957A', 'Addiction medicine FPA', '33.70'),
(680, 'A967A', 'Care of the elderly FPA', '33.70'),
(681, 'C002A', 'first five weeks', '31.00'),
(682, 'C003A', 'General assessment', '77.20'),
(683, 'C004A', 'General re-assessment', '38.35'),
(684, 'C005A', 'Consultation', '77.20'),
(685, 'C006A', 'Repeat consultation', '45.90'),
(686, 'C007A', 'sixth to thirteenth week inclusive (maximum 3 per patient per week)', '31.00'),
(687, 'C008A', 'Concurrent care', '31.00'),
(688, 'C009A', 'after thirteenth week (maximum 6 per patient per month)', '31.00'),
(689, 'C010A', 'Supportive care', '18.85'),
(690, 'C121A', 'Additional visits due to intercurrent illness (see General Preamble GP34)', '31.00'),
(691, 'C122A', 'day following the hospital admission assessment', '58.80'),
(692, 'C123A', 'second day following the hospital assessment', '58.80'),
(693, 'C124A', 'day of discharge', '58.80'),
(694, 'C142A', 'first subsequent visit by the MRP following transfer from an Intensive Care Area', '58.80'),
(695, 'C143A', 'second subsequent visit by the MRP following transfer from an intensive care area', '58.80'),
(696, 'C680A', 'Initial assessment  substance abuse  subject to the same conditions as A680', '144.75'),
(697, 'K701A', 'Mental health out-patient case conference', '31.35'),
(698, 'K704A', 'Paediatric out-patient case conference', '31.35'),
(699, 'K710A', 'MCC Radiologist Participant, per patient', '31.35'),
(700, 'W904A', 'Pre-dental/pre-operative assessment', '33.70'),
(701, 'A816A', 'Midwife-Requested Anaesthesia Assessment', '106.80'),
(702, 'A904A', 'Pre-dental/pre-operative assessment', '33.70'),
(703, 'C816A', 'Midwife-Requested Anaesthesiologist Assessment (MRAA) - subject to the same conditions as A816', '106.80'),
(704, 'C904A', 'Pre-dental/pre-operative assessment', '33.70'),
(705, 'C771A', 'Certification of death - subject to the same conditions as A771', '20.60'),
(706, 'C777A', 'Intermediate assessment - Pronouncement of death - subject to the same conditions as A777', '33.70'),
(707, 'C813A', 'Midwife-Requested Assessment - subject to the same conditions as A813', '101.70'),
(708, 'C815A', 'Midwife-Requested Special Assessment - subject to the same conditions as A815', '186.95'),
(709, 'C882A', 'Palliative care (see General Preamble GP41)', '31.00'),
(710, 'C905A', 'Limited consultation', '65.90'),
(711, 'C911A', 'Special family and general practice consultation - subject to the same conditions as A911', '144.75'),
(712, 'C912A', 'Comprehensive family and general practice consultation - subject to the same conditions as A912', '217.15'),
(713, 'C933A', 'On-call admission assessment - subject to the same conditions as A933', '79.90'),
(714, 'C945A', 'Special palliative care consultation - subject to the same conditions as A945', '144.75'),
(715, 'E077A', 'identification of patient for a major eye examination', '10.25'),
(716, 'E079A', 'Initial discussion with patient, to eligible services          add', '15.40'),
(717, 'H001A', 'Newborn care in hospital and/or home', '52.20'),
(718, 'H002A', 'initial visit (per baby)', '32.75'),
(719, 'H003A', 'subsequent visit', '16.25'),
(720, 'H007A', 'Attendance at maternal delivery for care of high risk baby(ies)', '61.65'),
(721, 'H065A', 'Consultation in Emergency Medicine', '74.25'),
(722, 'H100A', 'Emergency department investigative ultrasound', '19.65'),
(723, 'H101A', 'Minor assessment', '15.00'),
(724, 'H102A', 'Comprehensive assessment and care', '37.20'),
(725, 'H103A', 'Multiple systems assessment', '35.65'),
(726, 'H104A', 'Re-assessment', '15.00'),
(727, 'H105A', 'In-patient interim admission orders', '26.25'),
(728, 'H112A', 'nights (00:00h to 08:00h)', '34.20');

-- --------------------------------------------------------

--
-- Table structure for table `tblspecialtycodes`
--

CREATE TABLE `tblspecialtycodes` (
  `recid` int(11) NOT NULL,
  `specialtycode` varchar(2) NOT NULL,
  `specialtydesc` varchar(150) NOT NULL
) ENGINE=InnoDB DEFAULT CHARSET=latin1;

--
-- Dumping data for table `tblspecialtycodes`
--

INSERT INTO `tblspecialtycodes` (`recid`, `specialtycode`, `specialtydesc`) VALUES
(1, '00', 'Family Practice and Practice In General'),
(2, '01', 'Anaesthesia'),
(3, '02', 'Dermatology'),
(4, '03', 'General Surgery'),
(5, '04', 'Neurosurgery'),
(6, '05', 'Community Medicine'),
(7, '06', 'Orthopaedic Surgery'),
(8, '07', 'Geriatrics'),
(9, '08', 'Plastic Surgery'),
(10, '09', 'Cardiovascular and Thoracic Surgery'),
(11, '12', 'Emergency Medicine'),
(12, '13', 'Internal Medicine'),
(13, '18', 'Neurology'),
(14, '19', 'Psychiatry'),
(15, '20', 'Obstetrics and Gynaecology'),
(16, '22', 'Genetics'),
(17, '23', 'Ophthalmology'),
(18, '24', 'Otolaryngology'),
(19, '26', 'Paediatrics'),
(20, '28', 'Pathology'),
(21, '29', 'Microbiology'),
(22, '30', 'Clinical Biochemistry'),
(23, '31', 'Physical Medicine'),
(24, '33', 'Diagnostic Radiology'),
(25, '34', 'Therapeutic Radiology'),
(26, '35', 'Urology'),
(27, '41', 'Gastroenterology'),
(28, '47', 'Respiratory Diseases'),
(29, '48', 'Rheumatology'),
(30, '60', 'Cardiology'),
(31, '61', 'Haematology'),
(32, '62', 'Clinical Immunology'),
(33, '63', 'Nuclear Medicine'),
(34, '64', 'Thoracic Surgery'),
(35, '49', 'Dental Surgery'),
(36, '50', 'Oral Surgery'),
(37, '51', 'Orthodontics'),
(38, '52', 'Paedodontics'),
(39, '53', 'Periodontics'),
(40, '54', 'Oral Pathology'),
(41, '55', 'Endodontics'),
(42, '70', 'Oral Radiology'),
(43, '71', 'Prosthodontics'),
(44, '56', 'Optometry'),
(45, '57', 'Osteopathy'),
(46, '58', 'Chiropody (Podiatry)'),
(47, '59', 'Chiropractics'),
(48, '75', 'Midwife (referral only)'),
(49, '80', 'Private Physiotherapy Facility (Approved to Provide Home Treatment Only)'),
(50, '81', 'Private Physiotherapy Facility (Approved to Provide Office and Home Treatment)'),
(51, '27', 'Non-medical Laboratory Director (Provider Number Must Be 599993)'),
(52, '76', 'Nurse Practitioner'),
(53, '85', 'Alternate Health Care Profession'),
(54, '90', 'IHF Non-Medical Practitioner (Provider Number Must Be 991000)');

-- --------------------------------------------------------

--
-- Table structure for table `tblstatus`
--

CREATE TABLE `tblstatus` (
  `statusID` int(11) NOT NULL,
  `statusCode` int(11) NOT NULL,
  `status_dec` varchar(20) NOT NULL
) ENGINE=InnoDB DEFAULT CHARSET=latin1;

--
-- Dumping data for table `tblstatus`
--

INSERT INTO `tblstatus` (`statusID`, `statusCode`, `status_dec`) VALUES
(1, 0, 'Open'),
(2, 1, 'Created'),
(3, 2, 'Submitted'),
(4, 3, 'Reconciled/Paid'),
(5, 4, 'Error'),
(6, 5, 'Corrected'),
(7, 6, 'Archived');

-- --------------------------------------------------------

--
-- Table structure for table `tbl_master`
--

CREATE TABLE `tbl_master` (
  `recid` int(11) NOT NULL,
  `FirstName` varchar(100) DEFAULT NULL,
  `LastName` varchar(100) DEFAULT NULL,
  `Address` text,
  `City` varchar(50) DEFAULT NULL,
  `Province` varchar(100) DEFAULT NULL,
  `PostalCode` varchar(20) DEFAULT NULL,
  `phoneno` text,
  `email` varchar(100) DEFAULT NULL,
  `txtpassword` varchar(200) DEFAULT NULL,
  `provider_no` varchar(6) DEFAULT NULL,
  `mricode` varchar(5) DEFAULT NULL,
  `specialtycodes` int(11) DEFAULT NULL,
  `opt_info` varchar(1) DEFAULT NULL,
  `active_code` varchar(20) DEFAULT NULL,
  `status` varchar(1) DEFAULT NULL,
  `card_holder_name` varchar(50) DEFAULT NULL,
  `credit_card_no` varchar(50) DEFAULT NULL,
  `card_type` varchar(20) DEFAULT NULL,
  `Expiry_Date` varchar(10) DEFAULT NULL,
  `CVV` int(11) DEFAULT NULL,
  `db_name` varchar(100) DEFAULT NULL
) ENGINE=InnoDB DEFAULT CHARSET=latin1;

--
-- Dumping data for table `tbl_master`
--

INSERT INTO `tbl_master` (`recid`, `FirstName`, `LastName`, `Address`, `City`, `Province`, `PostalCode`, `phoneno`, `email`, `txtpassword`, `provider_no`, `mricode`, `specialtycodes`, `opt_info`, `active_code`, `status`, `card_holder_name`, `credit_card_no`, `card_type`, `Expiry_Date`, `CVV`, `db_name`) VALUES
(1, 'Mustafa', 'Attar', 'Canada', 'Ontario', 'ON', '90066', '+12893382442', 'admin', '21232f297a57a5a743894a0e4a801fc3', '0', '', 0, '0', '', '', '', '', '', '', 0, 'ohip_master_db'),
(23, 'Fawaz pi', 'Abid pi', 'some address pi', 'lahore pi', 'NS', '53100 pi', '03334476497 pi', 'fawazchughtai@hotmail.com', '4297f44b13955235245b2497399d7a93', '4876AD', 'S', 5, 'S', NULL, NULL, '', '', '', '', 0, 'ohip_4876AD'),
(24, 'mustafa', 'attar', '1 Yonge St.', 'Toronto', 'ON', 'm5e-1w7', '2893382442', 'mattar@aksure.com', 'd83d6cebc5f6f1eaa5544ddb3649a41d', '999999', 'T', 0, '1', NULL, NULL, NULL, NULL, NULL, NULL, NULL, 'ohip_999999');

--
-- Indexes for dumped tables
--

--
-- Indexes for table `tbldiagnosis`
--
ALTER TABLE `tbldiagnosis`
  ADD PRIMARY KEY (`DiagnosisId`);

--
-- Indexes for table `tblmri`
--
ALTER TABLE `tblmri`
  ADD PRIMARY KEY (`mri_id`);

--
-- Indexes for table `tblplan`
--
ALTER TABLE `tblplan`
  ADD PRIMARY KEY (`planid`);

--
-- Indexes for table `tblprovince`
--
ALTER TABLE `tblprovince`
  ADD PRIMARY KEY (`recid`);

--
-- Indexes for table `tblservices`
--
ALTER TABLE `tblservices`
  ADD PRIMARY KEY (`servicesId`);

--
-- Indexes for table `tblspecialtycodes`
--
ALTER TABLE `tblspecialtycodes`
  ADD PRIMARY KEY (`recid`);

--
-- Indexes for table `tblstatus`
--
ALTER TABLE `tblstatus`
  ADD PRIMARY KEY (`statusID`);

--
-- Indexes for table `tbl_master`
--
ALTER TABLE `tbl_master`
  ADD PRIMARY KEY (`recid`);

--
-- AUTO_INCREMENT for dumped tables
--

--
-- AUTO_INCREMENT for table `tbldiagnosis`
--
ALTER TABLE `tbldiagnosis`
  MODIFY `DiagnosisId` int(11) NOT NULL AUTO_INCREMENT, AUTO_INCREMENT=1756;
--
-- AUTO_INCREMENT for table `tblmri`
--
ALTER TABLE `tblmri`
  MODIFY `mri_id` int(11) NOT NULL AUTO_INCREMENT, AUTO_INCREMENT=10;
--
-- AUTO_INCREMENT for table `tblplan`
--
ALTER TABLE `tblplan`
  MODIFY `planid` int(11) NOT NULL AUTO_INCREMENT, AUTO_INCREMENT=14;
--
-- AUTO_INCREMENT for table `tblprovince`
--
ALTER TABLE `tblprovince`
  MODIFY `recid` int(11) NOT NULL AUTO_INCREMENT, AUTO_INCREMENT=13;
--
-- AUTO_INCREMENT for table `tblservices`
--
ALTER TABLE `tblservices`
  MODIFY `servicesId` int(11) NOT NULL AUTO_INCREMENT, AUTO_INCREMENT=729;
--
-- AUTO_INCREMENT for table `tblspecialtycodes`
--
ALTER TABLE `tblspecialtycodes`
  MODIFY `recid` int(11) NOT NULL AUTO_INCREMENT, AUTO_INCREMENT=55;
--
-- AUTO_INCREMENT for table `tblstatus`
--
ALTER TABLE `tblstatus`
  MODIFY `statusID` int(11) NOT NULL AUTO_INCREMENT, AUTO_INCREMENT=8;
--
-- AUTO_INCREMENT for table `tbl_master`
--
ALTER TABLE `tbl_master`
  MODIFY `recid` int(11) NOT NULL AUTO_INCREMENT, AUTO_INCREMENT=25;
/*!40101 SET CHARACTER_SET_CLIENT=@OLD_CHARACTER_SET_CLIENT */;
/*!40101 SET CHARACTER_SET_RESULTS=@OLD_CHARACTER_SET_RESULTS */;
/*!40101 SET COLLATION_CONNECTION=@OLD_COLLATION_CONNECTION */;
